method,dataset,sparsity,seed,round,test_accuracy,test_loss,avg_train_loss,cka_computed,pruned_weights,regrown_weights,mask_changes,total_sparsity,active_params,total_params,layer_sparsity,layer_cka,layer_target_sparsity,sparsity_conv1_weight,sparsity_conv2_weight,sparsity_fc1_weight,sparsity_fc2_weight,cka_conv1,cka_conv2,cka_fc1,target_sparsity_conv1_weight,target_sparsity_conv2_weight,target_sparsity_fc1_weight,target_sparsity_fc2_weight
cka_feddst,mnist,0.9,42,1,0.098,2.3033218368530273,2.1910110861261685,0,0,0,0,0.8999995254005619,42141,421408,conv1.weight:0.902778;conv2.weight:0.898600;fc1.weight:0.900049;fc2.weight:0.903906,,,0.9027777777777778,0.8986002604166666,0.9000493263711735,0.90390625,,,,,,,
cka_feddst,mnist,0.9,42,2,0.098,2.3042327220916747,2.190964924720923,1,8429,8424,16853,0.9000113903865138,42136,421408,conv1.weight:0.899306;conv2.weight:0.899251;fc1.weight:0.900034;fc2.weight:0.903906,conv1:1.000000;conv2:0.999809;fc1:0.961743,conv1.weight:0.899306;conv2.weight:0.899251;fc1.weight:0.900034,0.8993055555555556,0.8992513020833334,0.9000343789859694,0.90390625,1.0,0.9998089075088501,0.9617432355880737,0.8993055555555556,0.8992513020833334,0.9000343789859694,
cka_feddst,mnist,0.9,42,3,0.098,2.3064426696777343,2.155969302223126,0,0,0,0,0.9000113903865138,42136,421408,conv1.weight:0.899306;conv2.weight:0.899251;fc1.weight:0.900034;fc2.weight:0.903906,conv1:1.000000;conv2:0.999809;fc1:0.961743,conv1.weight:0.899306;conv2.weight:0.899251;fc1.weight:0.900034,0.8993055555555556,0.8992513020833334,0.9000343789859694,0.90390625,1.0,0.9998089075088501,0.9617432355880737,0.8993055555555556,0.8992513020833334,0.9000343789859694,
cka_feddst,mnist,0.9,42,4,0.1028,2.348040043258667,1.9210116748412451,1,8427,8427,16854,0.9000113903865138,42136,421408,conv1.weight:0.899306;conv2.weight:0.899794;fc1.weight:0.900009;fc2.weight:0.903906,conv1:0.999949;conv2:0.999915;fc1:0.990164,conv1.weight:0.899306;conv2.weight:0.899794;fc1.weight:0.900009,0.8993055555555556,0.8997938368055556,0.900009466677296,0.90390625,0.9999486804008484,0.9999147653579712,0.9901639223098755,0.8993055555555556,0.8997938368055556,0.900009466677296,
cka_feddst,mnist,0.9,42,5,0.1904,2.4528141162872314,1.7387643839677176,0,0,0,0,0.9000113903865138,42136,421408,conv1.weight:0.899306;conv2.weight:0.899794;fc1.weight:0.900009;fc2.weight:0.903906,conv1:0.999949;conv2:0.999915;fc1:0.990164,conv1.weight:0.899306;conv2.weight:0.899794;fc1.weight:0.900009,0.8993055555555556,0.8997938368055556,0.900009466677296,0.90390625,0.9999486804008484,0.9999147653579712,0.9901639223098755,0.8993055555555556,0.8997938368055556,0.900009466677296,
cka_feddst,mnist,0.9,42,6,0.194,2.402874156951904,1.661911720442772,1,8427,8427,16854,0.9000113903865138,42136,421408,conv1.weight:0.899306;conv2.weight:0.899523;fc1.weight:0.900022;fc2.weight:0.903906,conv1:0.999908;conv2:0.999933;fc1:0.975342,conv1.weight:0.899306;conv2.weight:0.899523;fc1.weight:0.900022,0.8993055555555556,0.8995225694444444,0.9000219228316326,0.90390625,0.9999076724052429,0.9999328851699829,0.975341796875,0.8993055555555556,0.8995225694444444,0.9000219228316326,
cka_feddst,mnist,0.9,42,7,0.3783,2.160840503692627,1.45158001755476,0,0,0,0,0.9000113903865138,42136,421408,conv1.weight:0.899306;conv2.weight:0.899523;fc1.weight:0.900022;fc2.weight:0.903906,conv1:0.999908;conv2:0.999933;fc1:0.975342,conv1.weight:0.899306;conv2.weight:0.899523;fc1.weight:0.900022,0.8993055555555556,0.8995225694444444,0.9000219228316326,0.90390625,0.9999076724052429,0.9999328851699829,0.975341796875,0.8993055555555556,0.8995225694444444,0.9000219228316326,
cka_feddst,mnist,0.9,42,8,0.5447,1.467887684249878,0.8396816654878358,1,8427,8427,16854,0.9000113903865138,42136,421408,conv1.weight:0.899306;conv2.weight:0.898763;fc1.weight:0.900057;fc2.weight:0.903906,conv1:0.999932;conv2:0.999945;fc1:0.936689,conv1.weight:0.899306;conv2.weight:0.898763;fc1.weight:0.900057,0.8993055555555556,0.8987630208333334,0.9000568000637755,0.90390625,0.9999316930770874,0.9999449849128723,0.9366891980171204,0.8993055555555556,0.8987630208333334,0.9000568000637755,
cka_feddst,mnist,0.9,42,9,0.6639,1.0156239875793458,0.5124592318410675,0,0,0,0,0.9000113903865138,42136,421408,conv1.weight:0.899306;conv2.weight:0.898763;fc1.weight:0.900057;fc2.weight:0.903906,conv1:0.999932;conv2:0.999945;fc1:0.936689,conv1.weight:0.899306;conv2.weight:0.898763;fc1.weight:0.900057,0.8993055555555556,0.8987630208333334,0.9000568000637755,0.90390625,0.9999316930770874,0.9999449849128723,0.9366891980171204,0.8993055555555556,0.8987630208333334,0.9000568000637755,
cka_feddst,mnist,0.9,42,10,0.724,0.7511295611381531,0.3782660323838393,1,8428,8428,16856,0.9000113903865138,42136,421408,conv1.weight:0.899306;conv2.weight:0.899577;fc1.weight:0.900019;fc2.weight:0.903906,conv1:0.999994;conv2:0.999987;fc1:0.977196,conv1.weight:0.899306;conv2.weight:0.899577;fc1.weight:0.900019,0.8993055555555556,0.8995768229166666,0.9000194316007653,0.90390625,0.9999942779541016,0.9999868273735046,0.9771963953971863,0.8993055555555556,0.8995768229166666,0.9000194316007653,
cka_feddst,mnist,0.9,42,11,0.7589,0.6438577570915223,0.32686073985931774,0,0,0,0,0.9000113903865138,42136,421408,conv1.weight:0.899306;conv2.weight:0.899577;fc1.weight:0.900019;fc2.weight:0.903906,conv1:0.999994;conv2:0.999987;fc1:0.977196,conv1.weight:0.899306;conv2.weight:0.899577;fc1.weight:0.900019,0.8993055555555556,0.8995768229166666,0.9000194316007653,0.90390625,0.9999942779541016,0.9999868273735046,0.9771963953971863,0.8993055555555556,0.8995768229166666,0.9000194316007653,
cka_feddst,mnist,0.9,42,12,0.7838,0.5867699831485749,0.2951902674737697,1,8428,8428,16856,0.9000113903865138,42136,421408,conv1.weight:0.899306;conv2.weight:0.899740;fc1.weight:0.900012;fc2.weight:0.903906,conv1:0.999998;conv2:0.999993;fc1:0.985785,conv1.weight:0.899306;conv2.weight:0.899740;fc1.weight:0.900012,0.8993055555555556,0.8997395833333334,0.9000119579081632,0.90390625,0.9999979138374329,0.9999927282333374,0.9857851266860962,0.8993055555555556,0.8997395833333334,0.9000119579081632,
cka_feddst,mnist,0.9,42,13,0.821,0.5130167636871338,0.2811981097058704,0,0,0,0,0.9000113903865138,42136,421408,conv1.weight:0.899306;conv2.weight:0.899740;fc1.weight:0.900012;fc2.weight:0.903906,conv1:0.999998;conv2:0.999993;fc1:0.985785,conv1.weight:0.899306;conv2.weight:0.899740;fc1.weight:0.900012,0.8993055555555556,0.8997395833333334,0.9000119579081632,0.90390625,0.9999979138374329,0.9999927282333374,0.9857851266860962,0.8993055555555556,0.8997395833333334,0.9000119579081632,
cka_feddst,mnist,0.9,42,14,0.8183,0.5129842758178711,0.26775875942582883,1,8428,8428,16856,0.9000113903865138,42136,421408,conv1.weight:0.899306;conv2.weight:0.899685;fc1.weight:0.900014;fc2.weight:0.903906,conv1:0.999997;conv2:0.999989;fc1:0.984362,conv1.weight:0.899306;conv2.weight:0.899685;fc1.weight:0.900014,0.8993055555555556,0.8996853298611112,0.9000144491390306,0.90390625,0.999996542930603,0.9999887347221375,0.9843616485595703,0.8993055555555556,0.8996853298611112,0.9000144491390306,
cka_feddst,mnist,0.9,42,15,0.8019,0.5369766035079956,0.2556661398430665,0,0,0,0,0.9000113903865138,42136,421408,conv1.weight:0.899306;conv2.weight:0.899685;fc1.weight:0.900014;fc2.weight:0.903906,conv1:0.999997;conv2:0.999989;fc1:0.984362,conv1.weight:0.899306;conv2.weight:0.899685;fc1.weight:0.900014,0.8993055555555556,0.8996853298611112,0.9000144491390306,0.90390625,0.999996542930603,0.9999887347221375,0.9843616485595703,0.8993055555555556,0.8996853298611112,0.9000144491390306,
cka_feddst,mnist,0.9,42,16,0.8142,0.5211432259082794,0.24913827060808735,1,8428,8428,16856,0.9000113903865138,42136,421408,conv1.weight:0.899306;conv2.weight:0.899685;fc1.weight:0.900014;fc2.weight:0.903906,conv1:0.999999;conv2:0.999994;fc1:0.983051,conv1.weight:0.899306;conv2.weight:0.899685;fc1.weight:0.900014,0.8993055555555556,0.8996853298611112,0.9000144491390306,0.90390625,0.9999991655349731,0.9999936819076538,0.983050525188446,0.8993055555555556,0.8996853298611112,0.9000144491390306,
cka_feddst,mnist,0.9,42,17,0.8395,0.47089430680274963,0.243897045209383,0,0,0,0,0.9000113903865138,42136,421408,conv1.weight:0.899306;conv2.weight:0.899685;fc1.weight:0.900014;fc2.weight:0.903906,conv1:0.999999;conv2:0.999994;fc1:0.983051,conv1.weight:0.899306;conv2.weight:0.899685;fc1.weight:0.900014,0.8993055555555556,0.8996853298611112,0.9000144491390306,0.90390625,0.9999991655349731,0.9999936819076538,0.983050525188446,0.8993055555555556,0.8996853298611112,0.9000144491390306,
cka_feddst,mnist,0.9,42,18,0.8337,0.4795929547548294,0.23618542306075493,1,8428,8428,16856,0.9000113903865138,42136,421408,conv1.weight:0.899306;conv2.weight:0.899685;fc1.weight:0.900014;fc2.weight:0.903906,conv1:0.999998;conv2:0.999992;fc1:0.983546,conv1.weight:0.899306;conv2.weight:0.899685;fc1.weight:0.900014,0.8993055555555556,0.8996853298611112,0.9000144491390306,0.90390625,0.999997615814209,0.9999915957450867,0.9835458993911743,0.8993055555555556,0.8996853298611112,0.9000144491390306,
cka_feddst,mnist,0.9,42,19,0.8343,0.4717421051740646,0.22861233375233908,0,0,0,0,0.9000113903865138,42136,421408,conv1.weight:0.899306;conv2.weight:0.899685;fc1.weight:0.900014;fc2.weight:0.903906,conv1:0.999998;conv2:0.999992;fc1:0.983546,conv1.weight:0.899306;conv2.weight:0.899685;fc1.weight:0.900014,0.8993055555555556,0.8996853298611112,0.9000144491390306,0.90390625,0.999997615814209,0.9999915957450867,0.9835458993911743,0.8993055555555556,0.8996853298611112,0.9000144491390306,
cka_feddst,mnist,0.9,42,20,0.8355,0.46539848136901857,0.22652256820599237,1,8428,8428,16856,0.9000113903865138,42136,421408,conv1.weight:0.899306;conv2.weight:0.899685;fc1.weight:0.900014;fc2.weight:0.903906,conv1:0.999999;conv2:0.999995;fc1:0.982889,conv1.weight:0.899306;conv2.weight:0.899685;fc1.weight:0.900014,0.8993055555555556,0.8996853298611112,0.9000144491390306,0.90390625,0.9999994039535522,0.9999949336051941,0.9828892946243286,0.8993055555555556,0.8996853298611112,0.9000144491390306,
