suite_id,suite,run_index,total_runs,method,seed,sparsity,cka_strength,global_config,config,log_dir,checkpoint_dir,plot_dir,command,status
cifar10,cka_strength,1,125,cka_feddst,42,0.5,0.2,configs/global_cifar10.yaml,configs/cka_feddst_mnist.yaml,results/logs/cka_strength_sweep/cifar10/strength_0p2/seed_42,results/checkpoints/cka_strength_sweep/cifar10/strength_0p2/seed_42,results/plots/cka_strength_sweep/cifar10,/mnt/aiongpfs/users/dsen/micromamba/envs/cka-cifar/bin/python -m src.train --global-config configs/global_cifar10.yaml --config configs/cka_feddst_mnist.yaml --seed 42 --sparsity 0.5 --cka-strength 0.2 --log-dir results/logs/cka_strength_sweep/cifar10/strength_0p2/seed_42 --checkpoint-dir results/checkpoints/cka_strength_sweep/cifar10/strength_0p2/seed_42 --plot-dir results/plots/cka_strength_sweep/cifar10,passed
cifar10,cka_strength,2,125,cka_feddst,42,0.7,0.2,configs/global_cifar10.yaml,configs/cka_feddst_mnist.yaml,results/logs/cka_strength_sweep/cifar10/strength_0p2/seed_42,results/checkpoints/cka_strength_sweep/cifar10/strength_0p2/seed_42,results/plots/cka_strength_sweep/cifar10,/mnt/aiongpfs/users/dsen/micromamba/envs/cka-cifar/bin/python -m src.train --global-config configs/global_cifar10.yaml --config configs/cka_feddst_mnist.yaml --seed 42 --sparsity 0.7 --cka-strength 0.2 --log-dir results/logs/cka_strength_sweep/cifar10/strength_0p2/seed_42 --checkpoint-dir results/checkpoints/cka_strength_sweep/cifar10/strength_0p2/seed_42 --plot-dir results/plots/cka_strength_sweep/cifar10,passed
cifar10,cka_strength,3,125,cka_feddst,42,0.8,0.2,configs/global_cifar10.yaml,configs/cka_feddst_mnist.yaml,results/logs/cka_strength_sweep/cifar10/strength_0p2/seed_42,results/checkpoints/cka_strength_sweep/cifar10/strength_0p2/seed_42,results/plots/cka_strength_sweep/cifar10,/mnt/aiongpfs/users/dsen/micromamba/envs/cka-cifar/bin/python -m src.train --global-config configs/global_cifar10.yaml --config configs/cka_feddst_mnist.yaml --seed 42 --sparsity 0.8 --cka-strength 0.2 --log-dir results/logs/cka_strength_sweep/cifar10/strength_0p2/seed_42 --checkpoint-dir results/checkpoints/cka_strength_sweep/cifar10/strength_0p2/seed_42 --plot-dir results/plots/cka_strength_sweep/cifar10,passed
cifar10,cka_strength,4,125,cka_feddst,42,0.9,0.2,configs/global_cifar10.yaml,configs/cka_feddst_mnist.yaml,results/logs/cka_strength_sweep/cifar10/strength_0p2/seed_42,results/checkpoints/cka_strength_sweep/cifar10/strength_0p2/seed_42,results/plots/cka_strength_sweep/cifar10,/mnt/aiongpfs/users/dsen/micromamba/envs/cka-cifar/bin/python -m src.train --global-config configs/global_cifar10.yaml --config configs/cka_feddst_mnist.yaml --seed 42 --sparsity 0.9 --cka-strength 0.2 --log-dir results/logs/cka_strength_sweep/cifar10/strength_0p2/seed_42 --checkpoint-dir results/checkpoints/cka_strength_sweep/cifar10/strength_0p2/seed_42 --plot-dir results/plots/cka_strength_sweep/cifar10,passed
cifar10,cka_strength,5,125,cka_feddst,42,0.95,0.2,configs/global_cifar10.yaml,configs/cka_feddst_mnist.yaml,results/logs/cka_strength_sweep/cifar10/strength_0p2/seed_42,results/checkpoints/cka_strength_sweep/cifar10/strength_0p2/seed_42,results/plots/cka_strength_sweep/cifar10,/mnt/aiongpfs/users/dsen/micromamba/envs/cka-cifar/bin/python -m src.train --global-config configs/global_cifar10.yaml --config configs/cka_feddst_mnist.yaml --seed 42 --sparsity 0.95 --cka-strength 0.2 --log-dir results/logs/cka_strength_sweep/cifar10/strength_0p2/seed_42 --checkpoint-dir results/checkpoints/cka_strength_sweep/cifar10/strength_0p2/seed_42 --plot-dir results/plots/cka_strength_sweep/cifar10,passed
cifar10,cka_strength,6,125,cka_feddst,7,0.5,0.2,configs/global_cifar10.yaml,configs/cka_feddst_mnist.yaml,results/logs/cka_strength_sweep/cifar10/strength_0p2/seed_7,results/checkpoints/cka_strength_sweep/cifar10/strength_0p2/seed_7,results/plots/cka_strength_sweep/cifar10,/mnt/aiongpfs/users/dsen/micromamba/envs/cka-cifar/bin/python -m src.train --global-config configs/global_cifar10.yaml --config configs/cka_feddst_mnist.yaml --seed 7 --sparsity 0.5 --cka-strength 0.2 --log-dir results/logs/cka_strength_sweep/cifar10/strength_0p2/seed_7 --checkpoint-dir results/checkpoints/cka_strength_sweep/cifar10/strength_0p2/seed_7 --plot-dir results/plots/cka_strength_sweep/cifar10,passed
cifar10,cka_strength,7,125,cka_feddst,7,0.7,0.2,configs/global_cifar10.yaml,configs/cka_feddst_mnist.yaml,results/logs/cka_strength_sweep/cifar10/strength_0p2/seed_7,results/checkpoints/cka_strength_sweep/cifar10/strength_0p2/seed_7,results/plots/cka_strength_sweep/cifar10,/mnt/aiongpfs/users/dsen/micromamba/envs/cka-cifar/bin/python -m src.train --global-config configs/global_cifar10.yaml --config configs/cka_feddst_mnist.yaml --seed 7 --sparsity 0.7 --cka-strength 0.2 --log-dir results/logs/cka_strength_sweep/cifar10/strength_0p2/seed_7 --checkpoint-dir results/checkpoints/cka_strength_sweep/cifar10/strength_0p2/seed_7 --plot-dir results/plots/cka_strength_sweep/cifar10,passed
cifar10,cka_strength,8,125,cka_feddst,7,0.8,0.2,configs/global_cifar10.yaml,configs/cka_feddst_mnist.yaml,results/logs/cka_strength_sweep/cifar10/strength_0p2/seed_7,results/checkpoints/cka_strength_sweep/cifar10/strength_0p2/seed_7,results/plots/cka_strength_sweep/cifar10,/mnt/aiongpfs/users/dsen/micromamba/envs/cka-cifar/bin/python -m src.train --global-config configs/global_cifar10.yaml --config configs/cka_feddst_mnist.yaml --seed 7 --sparsity 0.8 --cka-strength 0.2 --log-dir results/logs/cka_strength_sweep/cifar10/strength_0p2/seed_7 --checkpoint-dir results/checkpoints/cka_strength_sweep/cifar10/strength_0p2/seed_7 --plot-dir results/plots/cka_strength_sweep/cifar10,passed
cifar10,cka_strength,9,125,cka_feddst,7,0.9,0.2,configs/global_cifar10.yaml,configs/cka_feddst_mnist.yaml,results/logs/cka_strength_sweep/cifar10/strength_0p2/seed_7,results/checkpoints/cka_strength_sweep/cifar10/strength_0p2/seed_7,results/plots/cka_strength_sweep/cifar10,/mnt/aiongpfs/users/dsen/micromamba/envs/cka-cifar/bin/python -m src.train --global-config configs/global_cifar10.yaml --config configs/cka_feddst_mnist.yaml --seed 7 --sparsity 0.9 --cka-strength 0.2 --log-dir results/logs/cka_strength_sweep/cifar10/strength_0p2/seed_7 --checkpoint-dir results/checkpoints/cka_strength_sweep/cifar10/strength_0p2/seed_7 --plot-dir results/plots/cka_strength_sweep/cifar10,passed
cifar10,cka_strength,10,125,cka_feddst,7,0.95,0.2,configs/global_cifar10.yaml,configs/cka_feddst_mnist.yaml,results/logs/cka_strength_sweep/cifar10/strength_0p2/seed_7,results/checkpoints/cka_strength_sweep/cifar10/strength_0p2/seed_7,results/plots/cka_strength_sweep/cifar10,/mnt/aiongpfs/users/dsen/micromamba/envs/cka-cifar/bin/python -m src.train --global-config configs/global_cifar10.yaml --config configs/cka_feddst_mnist.yaml --seed 7 --sparsity 0.95 --cka-strength 0.2 --log-dir results/logs/cka_strength_sweep/cifar10/strength_0p2/seed_7 --checkpoint-dir results/checkpoints/cka_strength_sweep/cifar10/strength_0p2/seed_7 --plot-dir results/plots/cka_strength_sweep/cifar10,passed
cifar10,cka_strength,11,125,cka_feddst,13,0.5,0.2,configs/global_cifar10.yaml,configs/cka_feddst_mnist.yaml,results/logs/cka_strength_sweep/cifar10/strength_0p2/seed_13,results/checkpoints/cka_strength_sweep/cifar10/strength_0p2/seed_13,results/plots/cka_strength_sweep/cifar10,/mnt/aiongpfs/users/dsen/micromamba/envs/cka-cifar/bin/python -m src.train --global-config configs/global_cifar10.yaml --config configs/cka_feddst_mnist.yaml --seed 13 --sparsity 0.5 --cka-strength 0.2 --log-dir results/logs/cka_strength_sweep/cifar10/strength_0p2/seed_13 --checkpoint-dir results/checkpoints/cka_strength_sweep/cifar10/strength_0p2/seed_13 --plot-dir results/plots/cka_strength_sweep/cifar10,passed
cifar10,cka_strength,12,125,cka_feddst,13,0.7,0.2,configs/global_cifar10.yaml,configs/cka_feddst_mnist.yaml,results/logs/cka_strength_sweep/cifar10/strength_0p2/seed_13,results/checkpoints/cka_strength_sweep/cifar10/strength_0p2/seed_13,results/plots/cka_strength_sweep/cifar10,/mnt/aiongpfs/users/dsen/micromamba/envs/cka-cifar/bin/python -m src.train --global-config configs/global_cifar10.yaml --config configs/cka_feddst_mnist.yaml --seed 13 --sparsity 0.7 --cka-strength 0.2 --log-dir results/logs/cka_strength_sweep/cifar10/strength_0p2/seed_13 --checkpoint-dir results/checkpoints/cka_strength_sweep/cifar10/strength_0p2/seed_13 --plot-dir results/plots/cka_strength_sweep/cifar10,passed
cifar10,cka_strength,13,125,cka_feddst,13,0.8,0.2,configs/global_cifar10.yaml,configs/cka_feddst_mnist.yaml,results/logs/cka_strength_sweep/cifar10/strength_0p2/seed_13,results/checkpoints/cka_strength_sweep/cifar10/strength_0p2/seed_13,results/plots/cka_strength_sweep/cifar10,/mnt/aiongpfs/users/dsen/micromamba/envs/cka-cifar/bin/python -m src.train --global-config configs/global_cifar10.yaml --config configs/cka_feddst_mnist.yaml --seed 13 --sparsity 0.8 --cka-strength 0.2 --log-dir results/logs/cka_strength_sweep/cifar10/strength_0p2/seed_13 --checkpoint-dir results/checkpoints/cka_strength_sweep/cifar10/strength_0p2/seed_13 --plot-dir results/plots/cka_strength_sweep/cifar10,passed
cifar10,cka_strength,14,125,cka_feddst,13,0.9,0.2,configs/global_cifar10.yaml,configs/cka_feddst_mnist.yaml,results/logs/cka_strength_sweep/cifar10/strength_0p2/seed_13,results/checkpoints/cka_strength_sweep/cifar10/strength_0p2/seed_13,results/plots/cka_strength_sweep/cifar10,/mnt/aiongpfs/users/dsen/micromamba/envs/cka-cifar/bin/python -m src.train --global-config configs/global_cifar10.yaml --config configs/cka_feddst_mnist.yaml --seed 13 --sparsity 0.9 --cka-strength 0.2 --log-dir results/logs/cka_strength_sweep/cifar10/strength_0p2/seed_13 --checkpoint-dir results/checkpoints/cka_strength_sweep/cifar10/strength_0p2/seed_13 --plot-dir results/plots/cka_strength_sweep/cifar10,passed
cifar10,cka_strength,15,125,cka_feddst,13,0.95,0.2,configs/global_cifar10.yaml,configs/cka_feddst_mnist.yaml,results/logs/cka_strength_sweep/cifar10/strength_0p2/seed_13,results/checkpoints/cka_strength_sweep/cifar10/strength_0p2/seed_13,results/plots/cka_strength_sweep/cifar10,/mnt/aiongpfs/users/dsen/micromamba/envs/cka-cifar/bin/python -m src.train --global-config configs/global_cifar10.yaml --config configs/cka_feddst_mnist.yaml --seed 13 --sparsity 0.95 --cka-strength 0.2 --log-dir results/logs/cka_strength_sweep/cifar10/strength_0p2/seed_13 --checkpoint-dir results/checkpoints/cka_strength_sweep/cifar10/strength_0p2/seed_13 --plot-dir results/plots/cka_strength_sweep/cifar10,passed
cifar10,cka_strength,16,125,cka_feddst,21,0.5,0.2,configs/global_cifar10.yaml,configs/cka_feddst_mnist.yaml,results/logs/cka_strength_sweep/cifar10/strength_0p2/seed_21,results/checkpoints/cka_strength_sweep/cifar10/strength_0p2/seed_21,results/plots/cka_strength_sweep/cifar10,/mnt/aiongpfs/users/dsen/micromamba/envs/cka-cifar/bin/python -m src.train --global-config configs/global_cifar10.yaml --config configs/cka_feddst_mnist.yaml --seed 21 --sparsity 0.5 --cka-strength 0.2 --log-dir results/logs/cka_strength_sweep/cifar10/strength_0p2/seed_21 --checkpoint-dir results/checkpoints/cka_strength_sweep/cifar10/strength_0p2/seed_21 --plot-dir results/plots/cka_strength_sweep/cifar10,passed
cifar10,cka_strength,17,125,cka_feddst,21,0.7,0.2,configs/global_cifar10.yaml,configs/cka_feddst_mnist.yaml,results/logs/cka_strength_sweep/cifar10/strength_0p2/seed_21,results/checkpoints/cka_strength_sweep/cifar10/strength_0p2/seed_21,results/plots/cka_strength_sweep/cifar10,/mnt/aiongpfs/users/dsen/micromamba/envs/cka-cifar/bin/python -m src.train --global-config configs/global_cifar10.yaml --config configs/cka_feddst_mnist.yaml --seed 21 --sparsity 0.7 --cka-strength 0.2 --log-dir results/logs/cka_strength_sweep/cifar10/strength_0p2/seed_21 --checkpoint-dir results/checkpoints/cka_strength_sweep/cifar10/strength_0p2/seed_21 --plot-dir results/plots/cka_strength_sweep/cifar10,passed
cifar10,cka_strength,18,125,cka_feddst,21,0.8,0.2,configs/global_cifar10.yaml,configs/cka_feddst_mnist.yaml,results/logs/cka_strength_sweep/cifar10/strength_0p2/seed_21,results/checkpoints/cka_strength_sweep/cifar10/strength_0p2/seed_21,results/plots/cka_strength_sweep/cifar10,/mnt/aiongpfs/users/dsen/micromamba/envs/cka-cifar/bin/python -m src.train --global-config configs/global_cifar10.yaml --config configs/cka_feddst_mnist.yaml --seed 21 --sparsity 0.8 --cka-strength 0.2 --log-dir results/logs/cka_strength_sweep/cifar10/strength_0p2/seed_21 --checkpoint-dir results/checkpoints/cka_strength_sweep/cifar10/strength_0p2/seed_21 --plot-dir results/plots/cka_strength_sweep/cifar10,passed
cifar10,cka_strength,19,125,cka_feddst,21,0.9,0.2,configs/global_cifar10.yaml,configs/cka_feddst_mnist.yaml,results/logs/cka_strength_sweep/cifar10/strength_0p2/seed_21,results/checkpoints/cka_strength_sweep/cifar10/strength_0p2/seed_21,results/plots/cka_strength_sweep/cifar10,/mnt/aiongpfs/users/dsen/micromamba/envs/cka-cifar/bin/python -m src.train --global-config configs/global_cifar10.yaml --config configs/cka_feddst_mnist.yaml --seed 21 --sparsity 0.9 --cka-strength 0.2 --log-dir results/logs/cka_strength_sweep/cifar10/strength_0p2/seed_21 --checkpoint-dir results/checkpoints/cka_strength_sweep/cifar10/strength_0p2/seed_21 --plot-dir results/plots/cka_strength_sweep/cifar10,passed
cifar10,cka_strength,20,125,cka_feddst,21,0.95,0.2,configs/global_cifar10.yaml,configs/cka_feddst_mnist.yaml,results/logs/cka_strength_sweep/cifar10/strength_0p2/seed_21,results/checkpoints/cka_strength_sweep/cifar10/strength_0p2/seed_21,results/plots/cka_strength_sweep/cifar10,/mnt/aiongpfs/users/dsen/micromamba/envs/cka-cifar/bin/python -m src.train --global-config configs/global_cifar10.yaml --config configs/cka_feddst_mnist.yaml --seed 21 --sparsity 0.95 --cka-strength 0.2 --log-dir results/logs/cka_strength_sweep/cifar10/strength_0p2/seed_21 --checkpoint-dir results/checkpoints/cka_strength_sweep/cifar10/strength_0p2/seed_21 --plot-dir results/plots/cka_strength_sweep/cifar10,passed
cifar10,cka_strength,21,125,cka_feddst,100,0.5,0.2,configs/global_cifar10.yaml,configs/cka_feddst_mnist.yaml,results/logs/cka_strength_sweep/cifar10/strength_0p2/seed_100,results/checkpoints/cka_strength_sweep/cifar10/strength_0p2/seed_100,results/plots/cka_strength_sweep/cifar10,/mnt/aiongpfs/users/dsen/micromamba/envs/cka-cifar/bin/python -m src.train --global-config configs/global_cifar10.yaml --config configs/cka_feddst_mnist.yaml --seed 100 --sparsity 0.5 --cka-strength 0.2 --log-dir results/logs/cka_strength_sweep/cifar10/strength_0p2/seed_100 --checkpoint-dir results/checkpoints/cka_strength_sweep/cifar10/strength_0p2/seed_100 --plot-dir results/plots/cka_strength_sweep/cifar10,passed
cifar10,cka_strength,22,125,cka_feddst,100,0.7,0.2,configs/global_cifar10.yaml,configs/cka_feddst_mnist.yaml,results/logs/cka_strength_sweep/cifar10/strength_0p2/seed_100,results/checkpoints/cka_strength_sweep/cifar10/strength_0p2/seed_100,results/plots/cka_strength_sweep/cifar10,/mnt/aiongpfs/users/dsen/micromamba/envs/cka-cifar/bin/python -m src.train --global-config configs/global_cifar10.yaml --config configs/cka_feddst_mnist.yaml --seed 100 --sparsity 0.7 --cka-strength 0.2 --log-dir results/logs/cka_strength_sweep/cifar10/strength_0p2/seed_100 --checkpoint-dir results/checkpoints/cka_strength_sweep/cifar10/strength_0p2/seed_100 --plot-dir results/plots/cka_strength_sweep/cifar10,passed
cifar10,cka_strength,23,125,cka_feddst,100,0.8,0.2,configs/global_cifar10.yaml,configs/cka_feddst_mnist.yaml,results/logs/cka_strength_sweep/cifar10/strength_0p2/seed_100,results/checkpoints/cka_strength_sweep/cifar10/strength_0p2/seed_100,results/plots/cka_strength_sweep/cifar10,/mnt/aiongpfs/users/dsen/micromamba/envs/cka-cifar/bin/python -m src.train --global-config configs/global_cifar10.yaml --config configs/cka_feddst_mnist.yaml --seed 100 --sparsity 0.8 --cka-strength 0.2 --log-dir results/logs/cka_strength_sweep/cifar10/strength_0p2/seed_100 --checkpoint-dir results/checkpoints/cka_strength_sweep/cifar10/strength_0p2/seed_100 --plot-dir results/plots/cka_strength_sweep/cifar10,passed
cifar10,cka_strength,24,125,cka_feddst,100,0.9,0.2,configs/global_cifar10.yaml,configs/cka_feddst_mnist.yaml,results/logs/cka_strength_sweep/cifar10/strength_0p2/seed_100,results/checkpoints/cka_strength_sweep/cifar10/strength_0p2/seed_100,results/plots/cka_strength_sweep/cifar10,/mnt/aiongpfs/users/dsen/micromamba/envs/cka-cifar/bin/python -m src.train --global-config configs/global_cifar10.yaml --config configs/cka_feddst_mnist.yaml --seed 100 --sparsity 0.9 --cka-strength 0.2 --log-dir results/logs/cka_strength_sweep/cifar10/strength_0p2/seed_100 --checkpoint-dir results/checkpoints/cka_strength_sweep/cifar10/strength_0p2/seed_100 --plot-dir results/plots/cka_strength_sweep/cifar10,passed
cifar10,cka_strength,25,125,cka_feddst,100,0.95,0.2,configs/global_cifar10.yaml,configs/cka_feddst_mnist.yaml,results/logs/cka_strength_sweep/cifar10/strength_0p2/seed_100,results/checkpoints/cka_strength_sweep/cifar10/strength_0p2/seed_100,results/plots/cka_strength_sweep/cifar10,/mnt/aiongpfs/users/dsen/micromamba/envs/cka-cifar/bin/python -m src.train --global-config configs/global_cifar10.yaml --config configs/cka_feddst_mnist.yaml --seed 100 --sparsity 0.95 --cka-strength 0.2 --log-dir results/logs/cka_strength_sweep/cifar10/strength_0p2/seed_100 --checkpoint-dir results/checkpoints/cka_strength_sweep/cifar10/strength_0p2/seed_100 --plot-dir results/plots/cka_strength_sweep/cifar10,passed
cifar10,cka_strength,26,125,cka_feddst,42,0.5,0.5,configs/global_cifar10.yaml,configs/cka_feddst_mnist.yaml,results/logs/cka_strength_sweep/cifar10/strength_0p5/seed_42,results/checkpoints/cka_strength_sweep/cifar10/strength_0p5/seed_42,results/plots/cka_strength_sweep/cifar10,/mnt/aiongpfs/users/dsen/micromamba/envs/cka-cifar/bin/python -m src.train --global-config configs/global_cifar10.yaml --config configs/cka_feddst_mnist.yaml --seed 42 --sparsity 0.5 --cka-strength 0.5 --log-dir results/logs/cka_strength_sweep/cifar10/strength_0p5/seed_42 --checkpoint-dir results/checkpoints/cka_strength_sweep/cifar10/strength_0p5/seed_42 --plot-dir results/plots/cka_strength_sweep/cifar10,passed
cifar10,cka_strength,27,125,cka_feddst,42,0.7,0.5,configs/global_cifar10.yaml,configs/cka_feddst_mnist.yaml,results/logs/cka_strength_sweep/cifar10/strength_0p5/seed_42,results/checkpoints/cka_strength_sweep/cifar10/strength_0p5/seed_42,results/plots/cka_strength_sweep/cifar10,/mnt/aiongpfs/users/dsen/micromamba/envs/cka-cifar/bin/python -m src.train --global-config configs/global_cifar10.yaml --config configs/cka_feddst_mnist.yaml --seed 42 --sparsity 0.7 --cka-strength 0.5 --log-dir results/logs/cka_strength_sweep/cifar10/strength_0p5/seed_42 --checkpoint-dir results/checkpoints/cka_strength_sweep/cifar10/strength_0p5/seed_42 --plot-dir results/plots/cka_strength_sweep/cifar10,passed
cifar10,cka_strength,28,125,cka_feddst,42,0.8,0.5,configs/global_cifar10.yaml,configs/cka_feddst_mnist.yaml,results/logs/cka_strength_sweep/cifar10/strength_0p5/seed_42,results/checkpoints/cka_strength_sweep/cifar10/strength_0p5/seed_42,results/plots/cka_strength_sweep/cifar10,/mnt/aiongpfs/users/dsen/micromamba/envs/cka-cifar/bin/python -m src.train --global-config configs/global_cifar10.yaml --config configs/cka_feddst_mnist.yaml --seed 42 --sparsity 0.8 --cka-strength 0.5 --log-dir results/logs/cka_strength_sweep/cifar10/strength_0p5/seed_42 --checkpoint-dir results/checkpoints/cka_strength_sweep/cifar10/strength_0p5/seed_42 --plot-dir results/plots/cka_strength_sweep/cifar10,passed
cifar10,cka_strength,29,125,cka_feddst,42,0.9,0.5,configs/global_cifar10.yaml,configs/cka_feddst_mnist.yaml,results/logs/cka_strength_sweep/cifar10/strength_0p5/seed_42,results/checkpoints/cka_strength_sweep/cifar10/strength_0p5/seed_42,results/plots/cka_strength_sweep/cifar10,/mnt/aiongpfs/users/dsen/micromamba/envs/cka-cifar/bin/python -m src.train --global-config configs/global_cifar10.yaml --config configs/cka_feddst_mnist.yaml --seed 42 --sparsity 0.9 --cka-strength 0.5 --log-dir results/logs/cka_strength_sweep/cifar10/strength_0p5/seed_42 --checkpoint-dir results/checkpoints/cka_strength_sweep/cifar10/strength_0p5/seed_42 --plot-dir results/plots/cka_strength_sweep/cifar10,passed
cifar10,cka_strength,30,125,cka_feddst,42,0.95,0.5,configs/global_cifar10.yaml,configs/cka_feddst_mnist.yaml,results/logs/cka_strength_sweep/cifar10/strength_0p5/seed_42,results/checkpoints/cka_strength_sweep/cifar10/strength_0p5/seed_42,results/plots/cka_strength_sweep/cifar10,/mnt/aiongpfs/users/dsen/micromamba/envs/cka-cifar/bin/python -m src.train --global-config configs/global_cifar10.yaml --config configs/cka_feddst_mnist.yaml --seed 42 --sparsity 0.95 --cka-strength 0.5 --log-dir results/logs/cka_strength_sweep/cifar10/strength_0p5/seed_42 --checkpoint-dir results/checkpoints/cka_strength_sweep/cifar10/strength_0p5/seed_42 --plot-dir results/plots/cka_strength_sweep/cifar10,passed
cifar10,cka_strength,31,125,cka_feddst,7,0.5,0.5,configs/global_cifar10.yaml,configs/cka_feddst_mnist.yaml,results/logs/cka_strength_sweep/cifar10/strength_0p5/seed_7,results/checkpoints/cka_strength_sweep/cifar10/strength_0p5/seed_7,results/plots/cka_strength_sweep/cifar10,/mnt/aiongpfs/users/dsen/micromamba/envs/cka-cifar/bin/python -m src.train --global-config configs/global_cifar10.yaml --config configs/cka_feddst_mnist.yaml --seed 7 --sparsity 0.5 --cka-strength 0.5 --log-dir results/logs/cka_strength_sweep/cifar10/strength_0p5/seed_7 --checkpoint-dir results/checkpoints/cka_strength_sweep/cifar10/strength_0p5/seed_7 --plot-dir results/plots/cka_strength_sweep/cifar10,passed
cifar10,cka_strength,32,125,cka_feddst,7,0.7,0.5,configs/global_cifar10.yaml,configs/cka_feddst_mnist.yaml,results/logs/cka_strength_sweep/cifar10/strength_0p5/seed_7,results/checkpoints/cka_strength_sweep/cifar10/strength_0p5/seed_7,results/plots/cka_strength_sweep/cifar10,/mnt/aiongpfs/users/dsen/micromamba/envs/cka-cifar/bin/python -m src.train --global-config configs/global_cifar10.yaml --config configs/cka_feddst_mnist.yaml --seed 7 --sparsity 0.7 --cka-strength 0.5 --log-dir results/logs/cka_strength_sweep/cifar10/strength_0p5/seed_7 --checkpoint-dir results/checkpoints/cka_strength_sweep/cifar10/strength_0p5/seed_7 --plot-dir results/plots/cka_strength_sweep/cifar10,passed
cifar10,cka_strength,33,125,cka_feddst,7,0.8,0.5,configs/global_cifar10.yaml,configs/cka_feddst_mnist.yaml,results/logs/cka_strength_sweep/cifar10/strength_0p5/seed_7,results/checkpoints/cka_strength_sweep/cifar10/strength_0p5/seed_7,results/plots/cka_strength_sweep/cifar10,/mnt/aiongpfs/users/dsen/micromamba/envs/cka-cifar/bin/python -m src.train --global-config configs/global_cifar10.yaml --config configs/cka_feddst_mnist.yaml --seed 7 --sparsity 0.8 --cka-strength 0.5 --log-dir results/logs/cka_strength_sweep/cifar10/strength_0p5/seed_7 --checkpoint-dir results/checkpoints/cka_strength_sweep/cifar10/strength_0p5/seed_7 --plot-dir results/plots/cka_strength_sweep/cifar10,passed
cifar10,cka_strength,34,125,cka_feddst,7,0.9,0.5,configs/global_cifar10.yaml,configs/cka_feddst_mnist.yaml,results/logs/cka_strength_sweep/cifar10/strength_0p5/seed_7,results/checkpoints/cka_strength_sweep/cifar10/strength_0p5/seed_7,results/plots/cka_strength_sweep/cifar10,/mnt/aiongpfs/users/dsen/micromamba/envs/cka-cifar/bin/python -m src.train --global-config configs/global_cifar10.yaml --config configs/cka_feddst_mnist.yaml --seed 7 --sparsity 0.9 --cka-strength 0.5 --log-dir results/logs/cka_strength_sweep/cifar10/strength_0p5/seed_7 --checkpoint-dir results/checkpoints/cka_strength_sweep/cifar10/strength_0p5/seed_7 --plot-dir results/plots/cka_strength_sweep/cifar10,passed
cifar10,cka_strength,35,125,cka_feddst,7,0.95,0.5,configs/global_cifar10.yaml,configs/cka_feddst_mnist.yaml,results/logs/cka_strength_sweep/cifar10/strength_0p5/seed_7,results/checkpoints/cka_strength_sweep/cifar10/strength_0p5/seed_7,results/plots/cka_strength_sweep/cifar10,/mnt/aiongpfs/users/dsen/micromamba/envs/cka-cifar/bin/python -m src.train --global-config configs/global_cifar10.yaml --config configs/cka_feddst_mnist.yaml --seed 7 --sparsity 0.95 --cka-strength 0.5 --log-dir results/logs/cka_strength_sweep/cifar10/strength_0p5/seed_7 --checkpoint-dir results/checkpoints/cka_strength_sweep/cifar10/strength_0p5/seed_7 --plot-dir results/plots/cka_strength_sweep/cifar10,passed
cifar10,cka_strength,36,125,cka_feddst,13,0.5,0.5,configs/global_cifar10.yaml,configs/cka_feddst_mnist.yaml,results/logs/cka_strength_sweep/cifar10/strength_0p5/seed_13,results/checkpoints/cka_strength_sweep/cifar10/strength_0p5/seed_13,results/plots/cka_strength_sweep/cifar10,/mnt/aiongpfs/users/dsen/micromamba/envs/cka-cifar/bin/python -m src.train --global-config configs/global_cifar10.yaml --config configs/cka_feddst_mnist.yaml --seed 13 --sparsity 0.5 --cka-strength 0.5 --log-dir results/logs/cka_strength_sweep/cifar10/strength_0p5/seed_13 --checkpoint-dir results/checkpoints/cka_strength_sweep/cifar10/strength_0p5/seed_13 --plot-dir results/plots/cka_strength_sweep/cifar10,passed
cifar10,cka_strength,37,125,cka_feddst,13,0.7,0.5,configs/global_cifar10.yaml,configs/cka_feddst_mnist.yaml,results/logs/cka_strength_sweep/cifar10/strength_0p5/seed_13,results/checkpoints/cka_strength_sweep/cifar10/strength_0p5/seed_13,results/plots/cka_strength_sweep/cifar10,/mnt/aiongpfs/users/dsen/micromamba/envs/cka-cifar/bin/python -m src.train --global-config configs/global_cifar10.yaml --config configs/cka_feddst_mnist.yaml --seed 13 --sparsity 0.7 --cka-strength 0.5 --log-dir results/logs/cka_strength_sweep/cifar10/strength_0p5/seed_13 --checkpoint-dir results/checkpoints/cka_strength_sweep/cifar10/strength_0p5/seed_13 --plot-dir results/plots/cka_strength_sweep/cifar10,passed
cifar10,cka_strength,38,125,cka_feddst,13,0.8,0.5,configs/global_cifar10.yaml,configs/cka_feddst_mnist.yaml,results/logs/cka_strength_sweep/cifar10/strength_0p5/seed_13,results/checkpoints/cka_strength_sweep/cifar10/strength_0p5/seed_13,results/plots/cka_strength_sweep/cifar10,/mnt/aiongpfs/users/dsen/micromamba/envs/cka-cifar/bin/python -m src.train --global-config configs/global_cifar10.yaml --config configs/cka_feddst_mnist.yaml --seed 13 --sparsity 0.8 --cka-strength 0.5 --log-dir results/logs/cka_strength_sweep/cifar10/strength_0p5/seed_13 --checkpoint-dir results/checkpoints/cka_strength_sweep/cifar10/strength_0p5/seed_13 --plot-dir results/plots/cka_strength_sweep/cifar10,passed
cifar10,cka_strength,39,125,cka_feddst,13,0.9,0.5,configs/global_cifar10.yaml,configs/cka_feddst_mnist.yaml,results/logs/cka_strength_sweep/cifar10/strength_0p5/seed_13,results/checkpoints/cka_strength_sweep/cifar10/strength_0p5/seed_13,results/plots/cka_strength_sweep/cifar10,/mnt/aiongpfs/users/dsen/micromamba/envs/cka-cifar/bin/python -m src.train --global-config configs/global_cifar10.yaml --config configs/cka_feddst_mnist.yaml --seed 13 --sparsity 0.9 --cka-strength 0.5 --log-dir results/logs/cka_strength_sweep/cifar10/strength_0p5/seed_13 --checkpoint-dir results/checkpoints/cka_strength_sweep/cifar10/strength_0p5/seed_13 --plot-dir results/plots/cka_strength_sweep/cifar10,passed
cifar10,cka_strength,40,125,cka_feddst,13,0.95,0.5,configs/global_cifar10.yaml,configs/cka_feddst_mnist.yaml,results/logs/cka_strength_sweep/cifar10/strength_0p5/seed_13,results/checkpoints/cka_strength_sweep/cifar10/strength_0p5/seed_13,results/plots/cka_strength_sweep/cifar10,/mnt/aiongpfs/users/dsen/micromamba/envs/cka-cifar/bin/python -m src.train --global-config configs/global_cifar10.yaml --config configs/cka_feddst_mnist.yaml --seed 13 --sparsity 0.95 --cka-strength 0.5 --log-dir results/logs/cka_strength_sweep/cifar10/strength_0p5/seed_13 --checkpoint-dir results/checkpoints/cka_strength_sweep/cifar10/strength_0p5/seed_13 --plot-dir results/plots/cka_strength_sweep/cifar10,passed
cifar10,cka_strength,41,125,cka_feddst,21,0.5,0.5,configs/global_cifar10.yaml,configs/cka_feddst_mnist.yaml,results/logs/cka_strength_sweep/cifar10/strength_0p5/seed_21,results/checkpoints/cka_strength_sweep/cifar10/strength_0p5/seed_21,results/plots/cka_strength_sweep/cifar10,/mnt/aiongpfs/users/dsen/micromamba/envs/cka-cifar/bin/python -m src.train --global-config configs/global_cifar10.yaml --config configs/cka_feddst_mnist.yaml --seed 21 --sparsity 0.5 --cka-strength 0.5 --log-dir results/logs/cka_strength_sweep/cifar10/strength_0p5/seed_21 --checkpoint-dir results/checkpoints/cka_strength_sweep/cifar10/strength_0p5/seed_21 --plot-dir results/plots/cka_strength_sweep/cifar10,passed
cifar10,cka_strength,42,125,cka_feddst,21,0.7,0.5,configs/global_cifar10.yaml,configs/cka_feddst_mnist.yaml,results/logs/cka_strength_sweep/cifar10/strength_0p5/seed_21,results/checkpoints/cka_strength_sweep/cifar10/strength_0p5/seed_21,results/plots/cka_strength_sweep/cifar10,/mnt/aiongpfs/users/dsen/micromamba/envs/cka-cifar/bin/python -m src.train --global-config configs/global_cifar10.yaml --config configs/cka_feddst_mnist.yaml --seed 21 --sparsity 0.7 --cka-strength 0.5 --log-dir results/logs/cka_strength_sweep/cifar10/strength_0p5/seed_21 --checkpoint-dir results/checkpoints/cka_strength_sweep/cifar10/strength_0p5/seed_21 --plot-dir results/plots/cka_strength_sweep/cifar10,passed
cifar10,cka_strength,43,125,cka_feddst,21,0.8,0.5,configs/global_cifar10.yaml,configs/cka_feddst_mnist.yaml,results/logs/cka_strength_sweep/cifar10/strength_0p5/seed_21,results/checkpoints/cka_strength_sweep/cifar10/strength_0p5/seed_21,results/plots/cka_strength_sweep/cifar10,/mnt/aiongpfs/users/dsen/micromamba/envs/cka-cifar/bin/python -m src.train --global-config configs/global_cifar10.yaml --config configs/cka_feddst_mnist.yaml --seed 21 --sparsity 0.8 --cka-strength 0.5 --log-dir results/logs/cka_strength_sweep/cifar10/strength_0p5/seed_21 --checkpoint-dir results/checkpoints/cka_strength_sweep/cifar10/strength_0p5/seed_21 --plot-dir results/plots/cka_strength_sweep/cifar10,passed
cifar10,cka_strength,44,125,cka_feddst,21,0.9,0.5,configs/global_cifar10.yaml,configs/cka_feddst_mnist.yaml,results/logs/cka_strength_sweep/cifar10/strength_0p5/seed_21,results/checkpoints/cka_strength_sweep/cifar10/strength_0p5/seed_21,results/plots/cka_strength_sweep/cifar10,/mnt/aiongpfs/users/dsen/micromamba/envs/cka-cifar/bin/python -m src.train --global-config configs/global_cifar10.yaml --config configs/cka_feddst_mnist.yaml --seed 21 --sparsity 0.9 --cka-strength 0.5 --log-dir results/logs/cka_strength_sweep/cifar10/strength_0p5/seed_21 --checkpoint-dir results/checkpoints/cka_strength_sweep/cifar10/strength_0p5/seed_21 --plot-dir results/plots/cka_strength_sweep/cifar10,passed
cifar10,cka_strength,45,125,cka_feddst,21,0.95,0.5,configs/global_cifar10.yaml,configs/cka_feddst_mnist.yaml,results/logs/cka_strength_sweep/cifar10/strength_0p5/seed_21,results/checkpoints/cka_strength_sweep/cifar10/strength_0p5/seed_21,results/plots/cka_strength_sweep/cifar10,/mnt/aiongpfs/users/dsen/micromamba/envs/cka-cifar/bin/python -m src.train --global-config configs/global_cifar10.yaml --config configs/cka_feddst_mnist.yaml --seed 21 --sparsity 0.95 --cka-strength 0.5 --log-dir results/logs/cka_strength_sweep/cifar10/strength_0p5/seed_21 --checkpoint-dir results/checkpoints/cka_strength_sweep/cifar10/strength_0p5/seed_21 --plot-dir results/plots/cka_strength_sweep/cifar10,passed
cifar10,cka_strength,46,125,cka_feddst,100,0.5,0.5,configs/global_cifar10.yaml,configs/cka_feddst_mnist.yaml,results/logs/cka_strength_sweep/cifar10/strength_0p5/seed_100,results/checkpoints/cka_strength_sweep/cifar10/strength_0p5/seed_100,results/plots/cka_strength_sweep/cifar10,/mnt/aiongpfs/users/dsen/micromamba/envs/cka-cifar/bin/python -m src.train --global-config configs/global_cifar10.yaml --config configs/cka_feddst_mnist.yaml --seed 100 --sparsity 0.5 --cka-strength 0.5 --log-dir results/logs/cka_strength_sweep/cifar10/strength_0p5/seed_100 --checkpoint-dir results/checkpoints/cka_strength_sweep/cifar10/strength_0p5/seed_100 --plot-dir results/plots/cka_strength_sweep/cifar10,passed
cifar10,cka_strength,47,125,cka_feddst,100,0.7,0.5,configs/global_cifar10.yaml,configs/cka_feddst_mnist.yaml,results/logs/cka_strength_sweep/cifar10/strength_0p5/seed_100,results/checkpoints/cka_strength_sweep/cifar10/strength_0p5/seed_100,results/plots/cka_strength_sweep/cifar10,/mnt/aiongpfs/users/dsen/micromamba/envs/cka-cifar/bin/python -m src.train --global-config configs/global_cifar10.yaml --config configs/cka_feddst_mnist.yaml --seed 100 --sparsity 0.7 --cka-strength 0.5 --log-dir results/logs/cka_strength_sweep/cifar10/strength_0p5/seed_100 --checkpoint-dir results/checkpoints/cka_strength_sweep/cifar10/strength_0p5/seed_100 --plot-dir results/plots/cka_strength_sweep/cifar10,passed
cifar10,cka_strength,48,125,cka_feddst,100,0.8,0.5,configs/global_cifar10.yaml,configs/cka_feddst_mnist.yaml,results/logs/cka_strength_sweep/cifar10/strength_0p5/seed_100,results/checkpoints/cka_strength_sweep/cifar10/strength_0p5/seed_100,results/plots/cka_strength_sweep/cifar10,/mnt/aiongpfs/users/dsen/micromamba/envs/cka-cifar/bin/python -m src.train --global-config configs/global_cifar10.yaml --config configs/cka_feddst_mnist.yaml --seed 100 --sparsity 0.8 --cka-strength 0.5 --log-dir results/logs/cka_strength_sweep/cifar10/strength_0p5/seed_100 --checkpoint-dir results/checkpoints/cka_strength_sweep/cifar10/strength_0p5/seed_100 --plot-dir results/plots/cka_strength_sweep/cifar10,passed
cifar10,cka_strength,49,125,cka_feddst,100,0.9,0.5,configs/global_cifar10.yaml,configs/cka_feddst_mnist.yaml,results/logs/cka_strength_sweep/cifar10/strength_0p5/seed_100,results/checkpoints/cka_strength_sweep/cifar10/strength_0p5/seed_100,results/plots/cka_strength_sweep/cifar10,/mnt/aiongpfs/users/dsen/micromamba/envs/cka-cifar/bin/python -m src.train --global-config configs/global_cifar10.yaml --config configs/cka_feddst_mnist.yaml --seed 100 --sparsity 0.9 --cka-strength 0.5 --log-dir results/logs/cka_strength_sweep/cifar10/strength_0p5/seed_100 --checkpoint-dir results/checkpoints/cka_strength_sweep/cifar10/strength_0p5/seed_100 --plot-dir results/plots/cka_strength_sweep/cifar10,passed
cifar10,cka_strength,50,125,cka_feddst,100,0.95,0.5,configs/global_cifar10.yaml,configs/cka_feddst_mnist.yaml,results/logs/cka_strength_sweep/cifar10/strength_0p5/seed_100,results/checkpoints/cka_strength_sweep/cifar10/strength_0p5/seed_100,results/plots/cka_strength_sweep/cifar10,/mnt/aiongpfs/users/dsen/micromamba/envs/cka-cifar/bin/python -m src.train --global-config configs/global_cifar10.yaml --config configs/cka_feddst_mnist.yaml --seed 100 --sparsity 0.95 --cka-strength 0.5 --log-dir results/logs/cka_strength_sweep/cifar10/strength_0p5/seed_100 --checkpoint-dir results/checkpoints/cka_strength_sweep/cifar10/strength_0p5/seed_100 --plot-dir results/plots/cka_strength_sweep/cifar10,passed
cifar10,cka_strength,51,125,cka_feddst,42,0.5,0.8,configs/global_cifar10.yaml,configs/cka_feddst_mnist.yaml,results/logs/cka_strength_sweep/cifar10/strength_0p8/seed_42,results/checkpoints/cka_strength_sweep/cifar10/strength_0p8/seed_42,results/plots/cka_strength_sweep/cifar10,/mnt/aiongpfs/users/dsen/micromamba/envs/cka-cifar/bin/python -m src.train --global-config configs/global_cifar10.yaml --config configs/cka_feddst_mnist.yaml --seed 42 --sparsity 0.5 --cka-strength 0.8 --log-dir results/logs/cka_strength_sweep/cifar10/strength_0p8/seed_42 --checkpoint-dir results/checkpoints/cka_strength_sweep/cifar10/strength_0p8/seed_42 --plot-dir results/plots/cka_strength_sweep/cifar10,passed
cifar10,cka_strength,52,125,cka_feddst,42,0.7,0.8,configs/global_cifar10.yaml,configs/cka_feddst_mnist.yaml,results/logs/cka_strength_sweep/cifar10/strength_0p8/seed_42,results/checkpoints/cka_strength_sweep/cifar10/strength_0p8/seed_42,results/plots/cka_strength_sweep/cifar10,/mnt/aiongpfs/users/dsen/micromamba/envs/cka-cifar/bin/python -m src.train --global-config configs/global_cifar10.yaml --config configs/cka_feddst_mnist.yaml --seed 42 --sparsity 0.7 --cka-strength 0.8 --log-dir results/logs/cka_strength_sweep/cifar10/strength_0p8/seed_42 --checkpoint-dir results/checkpoints/cka_strength_sweep/cifar10/strength_0p8/seed_42 --plot-dir results/plots/cka_strength_sweep/cifar10,passed
cifar10,cka_strength,53,125,cka_feddst,42,0.8,0.8,configs/global_cifar10.yaml,configs/cka_feddst_mnist.yaml,results/logs/cka_strength_sweep/cifar10/strength_0p8/seed_42,results/checkpoints/cka_strength_sweep/cifar10/strength_0p8/seed_42,results/plots/cka_strength_sweep/cifar10,/mnt/aiongpfs/users/dsen/micromamba/envs/cka-cifar/bin/python -m src.train --global-config configs/global_cifar10.yaml --config configs/cka_feddst_mnist.yaml --seed 42 --sparsity 0.8 --cka-strength 0.8 --log-dir results/logs/cka_strength_sweep/cifar10/strength_0p8/seed_42 --checkpoint-dir results/checkpoints/cka_strength_sweep/cifar10/strength_0p8/seed_42 --plot-dir results/plots/cka_strength_sweep/cifar10,passed
cifar10,cka_strength,54,125,cka_feddst,42,0.9,0.8,configs/global_cifar10.yaml,configs/cka_feddst_mnist.yaml,results/logs/cka_strength_sweep/cifar10/strength_0p8/seed_42,results/checkpoints/cka_strength_sweep/cifar10/strength_0p8/seed_42,results/plots/cka_strength_sweep/cifar10,/mnt/aiongpfs/users/dsen/micromamba/envs/cka-cifar/bin/python -m src.train --global-config configs/global_cifar10.yaml --config configs/cka_feddst_mnist.yaml --seed 42 --sparsity 0.9 --cka-strength 0.8 --log-dir results/logs/cka_strength_sweep/cifar10/strength_0p8/seed_42 --checkpoint-dir results/checkpoints/cka_strength_sweep/cifar10/strength_0p8/seed_42 --plot-dir results/plots/cka_strength_sweep/cifar10,passed
cifar10,cka_strength,55,125,cka_feddst,42,0.95,0.8,configs/global_cifar10.yaml,configs/cka_feddst_mnist.yaml,results/logs/cka_strength_sweep/cifar10/strength_0p8/seed_42,results/checkpoints/cka_strength_sweep/cifar10/strength_0p8/seed_42,results/plots/cka_strength_sweep/cifar10,/mnt/aiongpfs/users/dsen/micromamba/envs/cka-cifar/bin/python -m src.train --global-config configs/global_cifar10.yaml --config configs/cka_feddst_mnist.yaml --seed 42 --sparsity 0.95 --cka-strength 0.8 --log-dir results/logs/cka_strength_sweep/cifar10/strength_0p8/seed_42 --checkpoint-dir results/checkpoints/cka_strength_sweep/cifar10/strength_0p8/seed_42 --plot-dir results/plots/cka_strength_sweep/cifar10,passed
cifar10,cka_strength,56,125,cka_feddst,7,0.5,0.8,configs/global_cifar10.yaml,configs/cka_feddst_mnist.yaml,results/logs/cka_strength_sweep/cifar10/strength_0p8/seed_7,results/checkpoints/cka_strength_sweep/cifar10/strength_0p8/seed_7,results/plots/cka_strength_sweep/cifar10,/mnt/aiongpfs/users/dsen/micromamba/envs/cka-cifar/bin/python -m src.train --global-config configs/global_cifar10.yaml --config configs/cka_feddst_mnist.yaml --seed 7 --sparsity 0.5 --cka-strength 0.8 --log-dir results/logs/cka_strength_sweep/cifar10/strength_0p8/seed_7 --checkpoint-dir results/checkpoints/cka_strength_sweep/cifar10/strength_0p8/seed_7 --plot-dir results/plots/cka_strength_sweep/cifar10,passed
cifar10,cka_strength,57,125,cka_feddst,7,0.7,0.8,configs/global_cifar10.yaml,configs/cka_feddst_mnist.yaml,results/logs/cka_strength_sweep/cifar10/strength_0p8/seed_7,results/checkpoints/cka_strength_sweep/cifar10/strength_0p8/seed_7,results/plots/cka_strength_sweep/cifar10,/mnt/aiongpfs/users/dsen/micromamba/envs/cka-cifar/bin/python -m src.train --global-config configs/global_cifar10.yaml --config configs/cka_feddst_mnist.yaml --seed 7 --sparsity 0.7 --cka-strength 0.8 --log-dir results/logs/cka_strength_sweep/cifar10/strength_0p8/seed_7 --checkpoint-dir results/checkpoints/cka_strength_sweep/cifar10/strength_0p8/seed_7 --plot-dir results/plots/cka_strength_sweep/cifar10,passed
cifar10,cka_strength,58,125,cka_feddst,7,0.8,0.8,configs/global_cifar10.yaml,configs/cka_feddst_mnist.yaml,results/logs/cka_strength_sweep/cifar10/strength_0p8/seed_7,results/checkpoints/cka_strength_sweep/cifar10/strength_0p8/seed_7,results/plots/cka_strength_sweep/cifar10,/mnt/aiongpfs/users/dsen/micromamba/envs/cka-cifar/bin/python -m src.train --global-config configs/global_cifar10.yaml --config configs/cka_feddst_mnist.yaml --seed 7 --sparsity 0.8 --cka-strength 0.8 --log-dir results/logs/cka_strength_sweep/cifar10/strength_0p8/seed_7 --checkpoint-dir results/checkpoints/cka_strength_sweep/cifar10/strength_0p8/seed_7 --plot-dir results/plots/cka_strength_sweep/cifar10,passed
cifar10,cka_strength,59,125,cka_feddst,7,0.9,0.8,configs/global_cifar10.yaml,configs/cka_feddst_mnist.yaml,results/logs/cka_strength_sweep/cifar10/strength_0p8/seed_7,results/checkpoints/cka_strength_sweep/cifar10/strength_0p8/seed_7,results/plots/cka_strength_sweep/cifar10,/mnt/aiongpfs/users/dsen/micromamba/envs/cka-cifar/bin/python -m src.train --global-config configs/global_cifar10.yaml --config configs/cka_feddst_mnist.yaml --seed 7 --sparsity 0.9 --cka-strength 0.8 --log-dir results/logs/cka_strength_sweep/cifar10/strength_0p8/seed_7 --checkpoint-dir results/checkpoints/cka_strength_sweep/cifar10/strength_0p8/seed_7 --plot-dir results/plots/cka_strength_sweep/cifar10,passed
cifar10,cka_strength,60,125,cka_feddst,7,0.95,0.8,configs/global_cifar10.yaml,configs/cka_feddst_mnist.yaml,results/logs/cka_strength_sweep/cifar10/strength_0p8/seed_7,results/checkpoints/cka_strength_sweep/cifar10/strength_0p8/seed_7,results/plots/cka_strength_sweep/cifar10,/mnt/aiongpfs/users/dsen/micromamba/envs/cka-cifar/bin/python -m src.train --global-config configs/global_cifar10.yaml --config configs/cka_feddst_mnist.yaml --seed 7 --sparsity 0.95 --cka-strength 0.8 --log-dir results/logs/cka_strength_sweep/cifar10/strength_0p8/seed_7 --checkpoint-dir results/checkpoints/cka_strength_sweep/cifar10/strength_0p8/seed_7 --plot-dir results/plots/cka_strength_sweep/cifar10,passed
cifar10,cka_strength,61,125,cka_feddst,13,0.5,0.8,configs/global_cifar10.yaml,configs/cka_feddst_mnist.yaml,results/logs/cka_strength_sweep/cifar10/strength_0p8/seed_13,results/checkpoints/cka_strength_sweep/cifar10/strength_0p8/seed_13,results/plots/cka_strength_sweep/cifar10,/mnt/aiongpfs/users/dsen/micromamba/envs/cka-cifar/bin/python -m src.train --global-config configs/global_cifar10.yaml --config configs/cka_feddst_mnist.yaml --seed 13 --sparsity 0.5 --cka-strength 0.8 --log-dir results/logs/cka_strength_sweep/cifar10/strength_0p8/seed_13 --checkpoint-dir results/checkpoints/cka_strength_sweep/cifar10/strength_0p8/seed_13 --plot-dir results/plots/cka_strength_sweep/cifar10,passed
cifar10,cka_strength,62,125,cka_feddst,13,0.7,0.8,configs/global_cifar10.yaml,configs/cka_feddst_mnist.yaml,results/logs/cka_strength_sweep/cifar10/strength_0p8/seed_13,results/checkpoints/cka_strength_sweep/cifar10/strength_0p8/seed_13,results/plots/cka_strength_sweep/cifar10,/mnt/aiongpfs/users/dsen/micromamba/envs/cka-cifar/bin/python -m src.train --global-config configs/global_cifar10.yaml --config configs/cka_feddst_mnist.yaml --seed 13 --sparsity 0.7 --cka-strength 0.8 --log-dir results/logs/cka_strength_sweep/cifar10/strength_0p8/seed_13 --checkpoint-dir results/checkpoints/cka_strength_sweep/cifar10/strength_0p8/seed_13 --plot-dir results/plots/cka_strength_sweep/cifar10,passed
cifar10,cka_strength,63,125,cka_feddst,13,0.8,0.8,configs/global_cifar10.yaml,configs/cka_feddst_mnist.yaml,results/logs/cka_strength_sweep/cifar10/strength_0p8/seed_13,results/checkpoints/cka_strength_sweep/cifar10/strength_0p8/seed_13,results/plots/cka_strength_sweep/cifar10,/mnt/aiongpfs/users/dsen/micromamba/envs/cka-cifar/bin/python -m src.train --global-config configs/global_cifar10.yaml --config configs/cka_feddst_mnist.yaml --seed 13 --sparsity 0.8 --cka-strength 0.8 --log-dir results/logs/cka_strength_sweep/cifar10/strength_0p8/seed_13 --checkpoint-dir results/checkpoints/cka_strength_sweep/cifar10/strength_0p8/seed_13 --plot-dir results/plots/cka_strength_sweep/cifar10,passed
cifar10,cka_strength,64,125,cka_feddst,13,0.9,0.8,configs/global_cifar10.yaml,configs/cka_feddst_mnist.yaml,results/logs/cka_strength_sweep/cifar10/strength_0p8/seed_13,results/checkpoints/cka_strength_sweep/cifar10/strength_0p8/seed_13,results/plots/cka_strength_sweep/cifar10,/mnt/aiongpfs/users/dsen/micromamba/envs/cka-cifar/bin/python -m src.train --global-config configs/global_cifar10.yaml --config configs/cka_feddst_mnist.yaml --seed 13 --sparsity 0.9 --cka-strength 0.8 --log-dir results/logs/cka_strength_sweep/cifar10/strength_0p8/seed_13 --checkpoint-dir results/checkpoints/cka_strength_sweep/cifar10/strength_0p8/seed_13 --plot-dir results/plots/cka_strength_sweep/cifar10,passed
cifar10,cka_strength,65,125,cka_feddst,13,0.95,0.8,configs/global_cifar10.yaml,configs/cka_feddst_mnist.yaml,results/logs/cka_strength_sweep/cifar10/strength_0p8/seed_13,results/checkpoints/cka_strength_sweep/cifar10/strength_0p8/seed_13,results/plots/cka_strength_sweep/cifar10,/mnt/aiongpfs/users/dsen/micromamba/envs/cka-cifar/bin/python -m src.train --global-config configs/global_cifar10.yaml --config configs/cka_feddst_mnist.yaml --seed 13 --sparsity 0.95 --cka-strength 0.8 --log-dir results/logs/cka_strength_sweep/cifar10/strength_0p8/seed_13 --checkpoint-dir results/checkpoints/cka_strength_sweep/cifar10/strength_0p8/seed_13 --plot-dir results/plots/cka_strength_sweep/cifar10,passed
cifar10,cka_strength,66,125,cka_feddst,21,0.5,0.8,configs/global_cifar10.yaml,configs/cka_feddst_mnist.yaml,results/logs/cka_strength_sweep/cifar10/strength_0p8/seed_21,results/checkpoints/cka_strength_sweep/cifar10/strength_0p8/seed_21,results/plots/cka_strength_sweep/cifar10,/mnt/aiongpfs/users/dsen/micromamba/envs/cka-cifar/bin/python -m src.train --global-config configs/global_cifar10.yaml --config configs/cka_feddst_mnist.yaml --seed 21 --sparsity 0.5 --cka-strength 0.8 --log-dir results/logs/cka_strength_sweep/cifar10/strength_0p8/seed_21 --checkpoint-dir results/checkpoints/cka_strength_sweep/cifar10/strength_0p8/seed_21 --plot-dir results/plots/cka_strength_sweep/cifar10,passed
cifar10,cka_strength,67,125,cka_feddst,21,0.7,0.8,configs/global_cifar10.yaml,configs/cka_feddst_mnist.yaml,results/logs/cka_strength_sweep/cifar10/strength_0p8/seed_21,results/checkpoints/cka_strength_sweep/cifar10/strength_0p8/seed_21,results/plots/cka_strength_sweep/cifar10,/mnt/aiongpfs/users/dsen/micromamba/envs/cka-cifar/bin/python -m src.train --global-config configs/global_cifar10.yaml --config configs/cka_feddst_mnist.yaml --seed 21 --sparsity 0.7 --cka-strength 0.8 --log-dir results/logs/cka_strength_sweep/cifar10/strength_0p8/seed_21 --checkpoint-dir results/checkpoints/cka_strength_sweep/cifar10/strength_0p8/seed_21 --plot-dir results/plots/cka_strength_sweep/cifar10,passed
cifar10,cka_strength,68,125,cka_feddst,21,0.8,0.8,configs/global_cifar10.yaml,configs/cka_feddst_mnist.yaml,results/logs/cka_strength_sweep/cifar10/strength_0p8/seed_21,results/checkpoints/cka_strength_sweep/cifar10/strength_0p8/seed_21,results/plots/cka_strength_sweep/cifar10,/mnt/aiongpfs/users/dsen/micromamba/envs/cka-cifar/bin/python -m src.train --global-config configs/global_cifar10.yaml --config configs/cka_feddst_mnist.yaml --seed 21 --sparsity 0.8 --cka-strength 0.8 --log-dir results/logs/cka_strength_sweep/cifar10/strength_0p8/seed_21 --checkpoint-dir results/checkpoints/cka_strength_sweep/cifar10/strength_0p8/seed_21 --plot-dir results/plots/cka_strength_sweep/cifar10,passed
cifar10,cka_strength,69,125,cka_feddst,21,0.9,0.8,configs/global_cifar10.yaml,configs/cka_feddst_mnist.yaml,results/logs/cka_strength_sweep/cifar10/strength_0p8/seed_21,results/checkpoints/cka_strength_sweep/cifar10/strength_0p8/seed_21,results/plots/cka_strength_sweep/cifar10,/mnt/aiongpfs/users/dsen/micromamba/envs/cka-cifar/bin/python -m src.train --global-config configs/global_cifar10.yaml --config configs/cka_feddst_mnist.yaml --seed 21 --sparsity 0.9 --cka-strength 0.8 --log-dir results/logs/cka_strength_sweep/cifar10/strength_0p8/seed_21 --checkpoint-dir results/checkpoints/cka_strength_sweep/cifar10/strength_0p8/seed_21 --plot-dir results/plots/cka_strength_sweep/cifar10,passed
cifar10,cka_strength,70,125,cka_feddst,21,0.95,0.8,configs/global_cifar10.yaml,configs/cka_feddst_mnist.yaml,results/logs/cka_strength_sweep/cifar10/strength_0p8/seed_21,results/checkpoints/cka_strength_sweep/cifar10/strength_0p8/seed_21,results/plots/cka_strength_sweep/cifar10,/mnt/aiongpfs/users/dsen/micromamba/envs/cka-cifar/bin/python -m src.train --global-config configs/global_cifar10.yaml --config configs/cka_feddst_mnist.yaml --seed 21 --sparsity 0.95 --cka-strength 0.8 --log-dir results/logs/cka_strength_sweep/cifar10/strength_0p8/seed_21 --checkpoint-dir results/checkpoints/cka_strength_sweep/cifar10/strength_0p8/seed_21 --plot-dir results/plots/cka_strength_sweep/cifar10,passed
cifar10,cka_strength,71,125,cka_feddst,100,0.5,0.8,configs/global_cifar10.yaml,configs/cka_feddst_mnist.yaml,results/logs/cka_strength_sweep/cifar10/strength_0p8/seed_100,results/checkpoints/cka_strength_sweep/cifar10/strength_0p8/seed_100,results/plots/cka_strength_sweep/cifar10,/mnt/aiongpfs/users/dsen/micromamba/envs/cka-cifar/bin/python -m src.train --global-config configs/global_cifar10.yaml --config configs/cka_feddst_mnist.yaml --seed 100 --sparsity 0.5 --cka-strength 0.8 --log-dir results/logs/cka_strength_sweep/cifar10/strength_0p8/seed_100 --checkpoint-dir results/checkpoints/cka_strength_sweep/cifar10/strength_0p8/seed_100 --plot-dir results/plots/cka_strength_sweep/cifar10,passed
cifar10,cka_strength,72,125,cka_feddst,100,0.7,0.8,configs/global_cifar10.yaml,configs/cka_feddst_mnist.yaml,results/logs/cka_strength_sweep/cifar10/strength_0p8/seed_100,results/checkpoints/cka_strength_sweep/cifar10/strength_0p8/seed_100,results/plots/cka_strength_sweep/cifar10,/mnt/aiongpfs/users/dsen/micromamba/envs/cka-cifar/bin/python -m src.train --global-config configs/global_cifar10.yaml --config configs/cka_feddst_mnist.yaml --seed 100 --sparsity 0.7 --cka-strength 0.8 --log-dir results/logs/cka_strength_sweep/cifar10/strength_0p8/seed_100 --checkpoint-dir results/checkpoints/cka_strength_sweep/cifar10/strength_0p8/seed_100 --plot-dir results/plots/cka_strength_sweep/cifar10,passed
cifar10,cka_strength,73,125,cka_feddst,100,0.8,0.8,configs/global_cifar10.yaml,configs/cka_feddst_mnist.yaml,results/logs/cka_strength_sweep/cifar10/strength_0p8/seed_100,results/checkpoints/cka_strength_sweep/cifar10/strength_0p8/seed_100,results/plots/cka_strength_sweep/cifar10,/mnt/aiongpfs/users/dsen/micromamba/envs/cka-cifar/bin/python -m src.train --global-config configs/global_cifar10.yaml --config configs/cka_feddst_mnist.yaml --seed 100 --sparsity 0.8 --cka-strength 0.8 --log-dir results/logs/cka_strength_sweep/cifar10/strength_0p8/seed_100 --checkpoint-dir results/checkpoints/cka_strength_sweep/cifar10/strength_0p8/seed_100 --plot-dir results/plots/cka_strength_sweep/cifar10,passed
cifar10,cka_strength,74,125,cka_feddst,100,0.9,0.8,configs/global_cifar10.yaml,configs/cka_feddst_mnist.yaml,results/logs/cka_strength_sweep/cifar10/strength_0p8/seed_100,results/checkpoints/cka_strength_sweep/cifar10/strength_0p8/seed_100,results/plots/cka_strength_sweep/cifar10,/mnt/aiongpfs/users/dsen/micromamba/envs/cka-cifar/bin/python -m src.train --global-config configs/global_cifar10.yaml --config configs/cka_feddst_mnist.yaml --seed 100 --sparsity 0.9 --cka-strength 0.8 --log-dir results/logs/cka_strength_sweep/cifar10/strength_0p8/seed_100 --checkpoint-dir results/checkpoints/cka_strength_sweep/cifar10/strength_0p8/seed_100 --plot-dir results/plots/cka_strength_sweep/cifar10,passed
cifar10,cka_strength,75,125,cka_feddst,100,0.95,0.8,configs/global_cifar10.yaml,configs/cka_feddst_mnist.yaml,results/logs/cka_strength_sweep/cifar10/strength_0p8/seed_100,results/checkpoints/cka_strength_sweep/cifar10/strength_0p8/seed_100,results/plots/cka_strength_sweep/cifar10,/mnt/aiongpfs/users/dsen/micromamba/envs/cka-cifar/bin/python -m src.train --global-config configs/global_cifar10.yaml --config configs/cka_feddst_mnist.yaml --seed 100 --sparsity 0.95 --cka-strength 0.8 --log-dir results/logs/cka_strength_sweep/cifar10/strength_0p8/seed_100 --checkpoint-dir results/checkpoints/cka_strength_sweep/cifar10/strength_0p8/seed_100 --plot-dir results/plots/cka_strength_sweep/cifar10,passed
cifar10,cka_strength,76,125,cka_feddst,42,0.5,0.9,configs/global_cifar10.yaml,configs/cka_feddst_mnist.yaml,results/logs/cka_strength_sweep/cifar10/strength_0p9/seed_42,results/checkpoints/cka_strength_sweep/cifar10/strength_0p9/seed_42,results/plots/cka_strength_sweep/cifar10,/mnt/aiongpfs/users/dsen/micromamba/envs/cka-cifar/bin/python -m src.train --global-config configs/global_cifar10.yaml --config configs/cka_feddst_mnist.yaml --seed 42 --sparsity 0.5 --cka-strength 0.9 --log-dir results/logs/cka_strength_sweep/cifar10/strength_0p9/seed_42 --checkpoint-dir results/checkpoints/cka_strength_sweep/cifar10/strength_0p9/seed_42 --plot-dir results/plots/cka_strength_sweep/cifar10,passed
cifar10,cka_strength,77,125,cka_feddst,42,0.7,0.9,configs/global_cifar10.yaml,configs/cka_feddst_mnist.yaml,results/logs/cka_strength_sweep/cifar10/strength_0p9/seed_42,results/checkpoints/cka_strength_sweep/cifar10/strength_0p9/seed_42,results/plots/cka_strength_sweep/cifar10,/mnt/aiongpfs/users/dsen/micromamba/envs/cka-cifar/bin/python -m src.train --global-config configs/global_cifar10.yaml --config configs/cka_feddst_mnist.yaml --seed 42 --sparsity 0.7 --cka-strength 0.9 --log-dir results/logs/cka_strength_sweep/cifar10/strength_0p9/seed_42 --checkpoint-dir results/checkpoints/cka_strength_sweep/cifar10/strength_0p9/seed_42 --plot-dir results/plots/cka_strength_sweep/cifar10,passed
cifar10,cka_strength,78,125,cka_feddst,42,0.8,0.9,configs/global_cifar10.yaml,configs/cka_feddst_mnist.yaml,results/logs/cka_strength_sweep/cifar10/strength_0p9/seed_42,results/checkpoints/cka_strength_sweep/cifar10/strength_0p9/seed_42,results/plots/cka_strength_sweep/cifar10,/mnt/aiongpfs/users/dsen/micromamba/envs/cka-cifar/bin/python -m src.train --global-config configs/global_cifar10.yaml --config configs/cka_feddst_mnist.yaml --seed 42 --sparsity 0.8 --cka-strength 0.9 --log-dir results/logs/cka_strength_sweep/cifar10/strength_0p9/seed_42 --checkpoint-dir results/checkpoints/cka_strength_sweep/cifar10/strength_0p9/seed_42 --plot-dir results/plots/cka_strength_sweep/cifar10,passed
cifar10,cka_strength,79,125,cka_feddst,42,0.9,0.9,configs/global_cifar10.yaml,configs/cka_feddst_mnist.yaml,results/logs/cka_strength_sweep/cifar10/strength_0p9/seed_42,results/checkpoints/cka_strength_sweep/cifar10/strength_0p9/seed_42,results/plots/cka_strength_sweep/cifar10,/mnt/aiongpfs/users/dsen/micromamba/envs/cka-cifar/bin/python -m src.train --global-config configs/global_cifar10.yaml --config configs/cka_feddst_mnist.yaml --seed 42 --sparsity 0.9 --cka-strength 0.9 --log-dir results/logs/cka_strength_sweep/cifar10/strength_0p9/seed_42 --checkpoint-dir results/checkpoints/cka_strength_sweep/cifar10/strength_0p9/seed_42 --plot-dir results/plots/cka_strength_sweep/cifar10,passed
cifar10,cka_strength,80,125,cka_feddst,42,0.95,0.9,configs/global_cifar10.yaml,configs/cka_feddst_mnist.yaml,results/logs/cka_strength_sweep/cifar10/strength_0p9/seed_42,results/checkpoints/cka_strength_sweep/cifar10/strength_0p9/seed_42,results/plots/cka_strength_sweep/cifar10,/mnt/aiongpfs/users/dsen/micromamba/envs/cka-cifar/bin/python -m src.train --global-config configs/global_cifar10.yaml --config configs/cka_feddst_mnist.yaml --seed 42 --sparsity 0.95 --cka-strength 0.9 --log-dir results/logs/cka_strength_sweep/cifar10/strength_0p9/seed_42 --checkpoint-dir results/checkpoints/cka_strength_sweep/cifar10/strength_0p9/seed_42 --plot-dir results/plots/cka_strength_sweep/cifar10,passed
cifar10,cka_strength,81,125,cka_feddst,7,0.5,0.9,configs/global_cifar10.yaml,configs/cka_feddst_mnist.yaml,results/logs/cka_strength_sweep/cifar10/strength_0p9/seed_7,results/checkpoints/cka_strength_sweep/cifar10/strength_0p9/seed_7,results/plots/cka_strength_sweep/cifar10,/mnt/aiongpfs/users/dsen/micromamba/envs/cka-cifar/bin/python -m src.train --global-config configs/global_cifar10.yaml --config configs/cka_feddst_mnist.yaml --seed 7 --sparsity 0.5 --cka-strength 0.9 --log-dir results/logs/cka_strength_sweep/cifar10/strength_0p9/seed_7 --checkpoint-dir results/checkpoints/cka_strength_sweep/cifar10/strength_0p9/seed_7 --plot-dir results/plots/cka_strength_sweep/cifar10,passed
cifar10,cka_strength,82,125,cka_feddst,7,0.7,0.9,configs/global_cifar10.yaml,configs/cka_feddst_mnist.yaml,results/logs/cka_strength_sweep/cifar10/strength_0p9/seed_7,results/checkpoints/cka_strength_sweep/cifar10/strength_0p9/seed_7,results/plots/cka_strength_sweep/cifar10,/mnt/aiongpfs/users/dsen/micromamba/envs/cka-cifar/bin/python -m src.train --global-config configs/global_cifar10.yaml --config configs/cka_feddst_mnist.yaml --seed 7 --sparsity 0.7 --cka-strength 0.9 --log-dir results/logs/cka_strength_sweep/cifar10/strength_0p9/seed_7 --checkpoint-dir results/checkpoints/cka_strength_sweep/cifar10/strength_0p9/seed_7 --plot-dir results/plots/cka_strength_sweep/cifar10,passed
cifar10,cka_strength,83,125,cka_feddst,7,0.8,0.9,configs/global_cifar10.yaml,configs/cka_feddst_mnist.yaml,results/logs/cka_strength_sweep/cifar10/strength_0p9/seed_7,results/checkpoints/cka_strength_sweep/cifar10/strength_0p9/seed_7,results/plots/cka_strength_sweep/cifar10,/mnt/aiongpfs/users/dsen/micromamba/envs/cka-cifar/bin/python -m src.train --global-config configs/global_cifar10.yaml --config configs/cka_feddst_mnist.yaml --seed 7 --sparsity 0.8 --cka-strength 0.9 --log-dir results/logs/cka_strength_sweep/cifar10/strength_0p9/seed_7 --checkpoint-dir results/checkpoints/cka_strength_sweep/cifar10/strength_0p9/seed_7 --plot-dir results/plots/cka_strength_sweep/cifar10,passed
cifar10,cka_strength,84,125,cka_feddst,7,0.9,0.9,configs/global_cifar10.yaml,configs/cka_feddst_mnist.yaml,results/logs/cka_strength_sweep/cifar10/strength_0p9/seed_7,results/checkpoints/cka_strength_sweep/cifar10/strength_0p9/seed_7,results/plots/cka_strength_sweep/cifar10,/mnt/aiongpfs/users/dsen/micromamba/envs/cka-cifar/bin/python -m src.train --global-config configs/global_cifar10.yaml --config configs/cka_feddst_mnist.yaml --seed 7 --sparsity 0.9 --cka-strength 0.9 --log-dir results/logs/cka_strength_sweep/cifar10/strength_0p9/seed_7 --checkpoint-dir results/checkpoints/cka_strength_sweep/cifar10/strength_0p9/seed_7 --plot-dir results/plots/cka_strength_sweep/cifar10,passed
cifar10,cka_strength,85,125,cka_feddst,7,0.95,0.9,configs/global_cifar10.yaml,configs/cka_feddst_mnist.yaml,results/logs/cka_strength_sweep/cifar10/strength_0p9/seed_7,results/checkpoints/cka_strength_sweep/cifar10/strength_0p9/seed_7,results/plots/cka_strength_sweep/cifar10,/mnt/aiongpfs/users/dsen/micromamba/envs/cka-cifar/bin/python -m src.train --global-config configs/global_cifar10.yaml --config configs/cka_feddst_mnist.yaml --seed 7 --sparsity 0.95 --cka-strength 0.9 --log-dir results/logs/cka_strength_sweep/cifar10/strength_0p9/seed_7 --checkpoint-dir results/checkpoints/cka_strength_sweep/cifar10/strength_0p9/seed_7 --plot-dir results/plots/cka_strength_sweep/cifar10,passed
cifar10,cka_strength,86,125,cka_feddst,13,0.5,0.9,configs/global_cifar10.yaml,configs/cka_feddst_mnist.yaml,results/logs/cka_strength_sweep/cifar10/strength_0p9/seed_13,results/checkpoints/cka_strength_sweep/cifar10/strength_0p9/seed_13,results/plots/cka_strength_sweep/cifar10,/mnt/aiongpfs/users/dsen/micromamba/envs/cka-cifar/bin/python -m src.train --global-config configs/global_cifar10.yaml --config configs/cka_feddst_mnist.yaml --seed 13 --sparsity 0.5 --cka-strength 0.9 --log-dir results/logs/cka_strength_sweep/cifar10/strength_0p9/seed_13 --checkpoint-dir results/checkpoints/cka_strength_sweep/cifar10/strength_0p9/seed_13 --plot-dir results/plots/cka_strength_sweep/cifar10,passed
cifar10,cka_strength,87,125,cka_feddst,13,0.7,0.9,configs/global_cifar10.yaml,configs/cka_feddst_mnist.yaml,results/logs/cka_strength_sweep/cifar10/strength_0p9/seed_13,results/checkpoints/cka_strength_sweep/cifar10/strength_0p9/seed_13,results/plots/cka_strength_sweep/cifar10,/mnt/aiongpfs/users/dsen/micromamba/envs/cka-cifar/bin/python -m src.train --global-config configs/global_cifar10.yaml --config configs/cka_feddst_mnist.yaml --seed 13 --sparsity 0.7 --cka-strength 0.9 --log-dir results/logs/cka_strength_sweep/cifar10/strength_0p9/seed_13 --checkpoint-dir results/checkpoints/cka_strength_sweep/cifar10/strength_0p9/seed_13 --plot-dir results/plots/cka_strength_sweep/cifar10,passed
cifar10,cka_strength,88,125,cka_feddst,13,0.8,0.9,configs/global_cifar10.yaml,configs/cka_feddst_mnist.yaml,results/logs/cka_strength_sweep/cifar10/strength_0p9/seed_13,results/checkpoints/cka_strength_sweep/cifar10/strength_0p9/seed_13,results/plots/cka_strength_sweep/cifar10,/mnt/aiongpfs/users/dsen/micromamba/envs/cka-cifar/bin/python -m src.train --global-config configs/global_cifar10.yaml --config configs/cka_feddst_mnist.yaml --seed 13 --sparsity 0.8 --cka-strength 0.9 --log-dir results/logs/cka_strength_sweep/cifar10/strength_0p9/seed_13 --checkpoint-dir results/checkpoints/cka_strength_sweep/cifar10/strength_0p9/seed_13 --plot-dir results/plots/cka_strength_sweep/cifar10,passed
cifar10,cka_strength,89,125,cka_feddst,13,0.9,0.9,configs/global_cifar10.yaml,configs/cka_feddst_mnist.yaml,results/logs/cka_strength_sweep/cifar10/strength_0p9/seed_13,results/checkpoints/cka_strength_sweep/cifar10/strength_0p9/seed_13,results/plots/cka_strength_sweep/cifar10,/mnt/aiongpfs/users/dsen/micromamba/envs/cka-cifar/bin/python -m src.train --global-config configs/global_cifar10.yaml --config configs/cka_feddst_mnist.yaml --seed 13 --sparsity 0.9 --cka-strength 0.9 --log-dir results/logs/cka_strength_sweep/cifar10/strength_0p9/seed_13 --checkpoint-dir results/checkpoints/cka_strength_sweep/cifar10/strength_0p9/seed_13 --plot-dir results/plots/cka_strength_sweep/cifar10,passed
cifar10,cka_strength,90,125,cka_feddst,13,0.95,0.9,configs/global_cifar10.yaml,configs/cka_feddst_mnist.yaml,results/logs/cka_strength_sweep/cifar10/strength_0p9/seed_13,results/checkpoints/cka_strength_sweep/cifar10/strength_0p9/seed_13,results/plots/cka_strength_sweep/cifar10,/mnt/aiongpfs/users/dsen/micromamba/envs/cka-cifar/bin/python -m src.train --global-config configs/global_cifar10.yaml --config configs/cka_feddst_mnist.yaml --seed 13 --sparsity 0.95 --cka-strength 0.9 --log-dir results/logs/cka_strength_sweep/cifar10/strength_0p9/seed_13 --checkpoint-dir results/checkpoints/cka_strength_sweep/cifar10/strength_0p9/seed_13 --plot-dir results/plots/cka_strength_sweep/cifar10,passed
cifar10,cka_strength,91,125,cka_feddst,21,0.5,0.9,configs/global_cifar10.yaml,configs/cka_feddst_mnist.yaml,results/logs/cka_strength_sweep/cifar10/strength_0p9/seed_21,results/checkpoints/cka_strength_sweep/cifar10/strength_0p9/seed_21,results/plots/cka_strength_sweep/cifar10,/mnt/aiongpfs/users/dsen/micromamba/envs/cka-cifar/bin/python -m src.train --global-config configs/global_cifar10.yaml --config configs/cka_feddst_mnist.yaml --seed 21 --sparsity 0.5 --cka-strength 0.9 --log-dir results/logs/cka_strength_sweep/cifar10/strength_0p9/seed_21 --checkpoint-dir results/checkpoints/cka_strength_sweep/cifar10/strength_0p9/seed_21 --plot-dir results/plots/cka_strength_sweep/cifar10,passed
cifar10,cka_strength,92,125,cka_feddst,21,0.7,0.9,configs/global_cifar10.yaml,configs/cka_feddst_mnist.yaml,results/logs/cka_strength_sweep/cifar10/strength_0p9/seed_21,results/checkpoints/cka_strength_sweep/cifar10/strength_0p9/seed_21,results/plots/cka_strength_sweep/cifar10,/mnt/aiongpfs/users/dsen/micromamba/envs/cka-cifar/bin/python -m src.train --global-config configs/global_cifar10.yaml --config configs/cka_feddst_mnist.yaml --seed 21 --sparsity 0.7 --cka-strength 0.9 --log-dir results/logs/cka_strength_sweep/cifar10/strength_0p9/seed_21 --checkpoint-dir results/checkpoints/cka_strength_sweep/cifar10/strength_0p9/seed_21 --plot-dir results/plots/cka_strength_sweep/cifar10,passed
cifar10,cka_strength,93,125,cka_feddst,21,0.8,0.9,configs/global_cifar10.yaml,configs/cka_feddst_mnist.yaml,results/logs/cka_strength_sweep/cifar10/strength_0p9/seed_21,results/checkpoints/cka_strength_sweep/cifar10/strength_0p9/seed_21,results/plots/cka_strength_sweep/cifar10,/mnt/aiongpfs/users/dsen/micromamba/envs/cka-cifar/bin/python -m src.train --global-config configs/global_cifar10.yaml --config configs/cka_feddst_mnist.yaml --seed 21 --sparsity 0.8 --cka-strength 0.9 --log-dir results/logs/cka_strength_sweep/cifar10/strength_0p9/seed_21 --checkpoint-dir results/checkpoints/cka_strength_sweep/cifar10/strength_0p9/seed_21 --plot-dir results/plots/cka_strength_sweep/cifar10,passed
cifar10,cka_strength,94,125,cka_feddst,21,0.9,0.9,configs/global_cifar10.yaml,configs/cka_feddst_mnist.yaml,results/logs/cka_strength_sweep/cifar10/strength_0p9/seed_21,results/checkpoints/cka_strength_sweep/cifar10/strength_0p9/seed_21,results/plots/cka_strength_sweep/cifar10,/mnt/aiongpfs/users/dsen/micromamba/envs/cka-cifar/bin/python -m src.train --global-config configs/global_cifar10.yaml --config configs/cka_feddst_mnist.yaml --seed 21 --sparsity 0.9 --cka-strength 0.9 --log-dir results/logs/cka_strength_sweep/cifar10/strength_0p9/seed_21 --checkpoint-dir results/checkpoints/cka_strength_sweep/cifar10/strength_0p9/seed_21 --plot-dir results/plots/cka_strength_sweep/cifar10,passed
cifar10,cka_strength,95,125,cka_feddst,21,0.95,0.9,configs/global_cifar10.yaml,configs/cka_feddst_mnist.yaml,results/logs/cka_strength_sweep/cifar10/strength_0p9/seed_21,results/checkpoints/cka_strength_sweep/cifar10/strength_0p9/seed_21,results/plots/cka_strength_sweep/cifar10,/mnt/aiongpfs/users/dsen/micromamba/envs/cka-cifar/bin/python -m src.train --global-config configs/global_cifar10.yaml --config configs/cka_feddst_mnist.yaml --seed 21 --sparsity 0.95 --cka-strength 0.9 --log-dir results/logs/cka_strength_sweep/cifar10/strength_0p9/seed_21 --checkpoint-dir results/checkpoints/cka_strength_sweep/cifar10/strength_0p9/seed_21 --plot-dir results/plots/cka_strength_sweep/cifar10,passed
cifar10,cka_strength,96,125,cka_feddst,100,0.5,0.9,configs/global_cifar10.yaml,configs/cka_feddst_mnist.yaml,results/logs/cka_strength_sweep/cifar10/strength_0p9/seed_100,results/checkpoints/cka_strength_sweep/cifar10/strength_0p9/seed_100,results/plots/cka_strength_sweep/cifar10,/mnt/aiongpfs/users/dsen/micromamba/envs/cka-cifar/bin/python -m src.train --global-config configs/global_cifar10.yaml --config configs/cka_feddst_mnist.yaml --seed 100 --sparsity 0.5 --cka-strength 0.9 --log-dir results/logs/cka_strength_sweep/cifar10/strength_0p9/seed_100 --checkpoint-dir results/checkpoints/cka_strength_sweep/cifar10/strength_0p9/seed_100 --plot-dir results/plots/cka_strength_sweep/cifar10,passed
cifar10,cka_strength,97,125,cka_feddst,100,0.7,0.9,configs/global_cifar10.yaml,configs/cka_feddst_mnist.yaml,results/logs/cka_strength_sweep/cifar10/strength_0p9/seed_100,results/checkpoints/cka_strength_sweep/cifar10/strength_0p9/seed_100,results/plots/cka_strength_sweep/cifar10,/mnt/aiongpfs/users/dsen/micromamba/envs/cka-cifar/bin/python -m src.train --global-config configs/global_cifar10.yaml --config configs/cka_feddst_mnist.yaml --seed 100 --sparsity 0.7 --cka-strength 0.9 --log-dir results/logs/cka_strength_sweep/cifar10/strength_0p9/seed_100 --checkpoint-dir results/checkpoints/cka_strength_sweep/cifar10/strength_0p9/seed_100 --plot-dir results/plots/cka_strength_sweep/cifar10,passed
cifar10,cka_strength,98,125,cka_feddst,100,0.8,0.9,configs/global_cifar10.yaml,configs/cka_feddst_mnist.yaml,results/logs/cka_strength_sweep/cifar10/strength_0p9/seed_100,results/checkpoints/cka_strength_sweep/cifar10/strength_0p9/seed_100,results/plots/cka_strength_sweep/cifar10,/mnt/aiongpfs/users/dsen/micromamba/envs/cka-cifar/bin/python -m src.train --global-config configs/global_cifar10.yaml --config configs/cka_feddst_mnist.yaml --seed 100 --sparsity 0.8 --cka-strength 0.9 --log-dir results/logs/cka_strength_sweep/cifar10/strength_0p9/seed_100 --checkpoint-dir results/checkpoints/cka_strength_sweep/cifar10/strength_0p9/seed_100 --plot-dir results/plots/cka_strength_sweep/cifar10,passed
cifar10,cka_strength,99,125,cka_feddst,100,0.9,0.9,configs/global_cifar10.yaml,configs/cka_feddst_mnist.yaml,results/logs/cka_strength_sweep/cifar10/strength_0p9/seed_100,results/checkpoints/cka_strength_sweep/cifar10/strength_0p9/seed_100,results/plots/cka_strength_sweep/cifar10,/mnt/aiongpfs/users/dsen/micromamba/envs/cka-cifar/bin/python -m src.train --global-config configs/global_cifar10.yaml --config configs/cka_feddst_mnist.yaml --seed 100 --sparsity 0.9 --cka-strength 0.9 --log-dir results/logs/cka_strength_sweep/cifar10/strength_0p9/seed_100 --checkpoint-dir results/checkpoints/cka_strength_sweep/cifar10/strength_0p9/seed_100 --plot-dir results/plots/cka_strength_sweep/cifar10,passed
cifar10,cka_strength,100,125,cka_feddst,100,0.95,0.9,configs/global_cifar10.yaml,configs/cka_feddst_mnist.yaml,results/logs/cka_strength_sweep/cifar10/strength_0p9/seed_100,results/checkpoints/cka_strength_sweep/cifar10/strength_0p9/seed_100,results/plots/cka_strength_sweep/cifar10,/mnt/aiongpfs/users/dsen/micromamba/envs/cka-cifar/bin/python -m src.train --global-config configs/global_cifar10.yaml --config configs/cka_feddst_mnist.yaml --seed 100 --sparsity 0.95 --cka-strength 0.9 --log-dir results/logs/cka_strength_sweep/cifar10/strength_0p9/seed_100 --checkpoint-dir results/checkpoints/cka_strength_sweep/cifar10/strength_0p9/seed_100 --plot-dir results/plots/cka_strength_sweep/cifar10,passed
cifar10,cka_strength,101,125,cka_feddst,42,0.5,1,configs/global_cifar10.yaml,configs/cka_feddst_mnist.yaml,results/logs/cka_strength_sweep/cifar10/strength_1p0/seed_42,results/checkpoints/cka_strength_sweep/cifar10/strength_1p0/seed_42,results/plots/cka_strength_sweep/cifar10,/mnt/aiongpfs/users/dsen/micromamba/envs/cka-cifar/bin/python -m src.train --global-config configs/global_cifar10.yaml --config configs/cka_feddst_mnist.yaml --seed 42 --sparsity 0.5 --cka-strength 1 --log-dir results/logs/cka_strength_sweep/cifar10/strength_1p0/seed_42 --checkpoint-dir results/checkpoints/cka_strength_sweep/cifar10/strength_1p0/seed_42 --plot-dir results/plots/cka_strength_sweep/cifar10,passed
cifar10,cka_strength,102,125,cka_feddst,42,0.7,1,configs/global_cifar10.yaml,configs/cka_feddst_mnist.yaml,results/logs/cka_strength_sweep/cifar10/strength_1p0/seed_42,results/checkpoints/cka_strength_sweep/cifar10/strength_1p0/seed_42,results/plots/cka_strength_sweep/cifar10,/mnt/aiongpfs/users/dsen/micromamba/envs/cka-cifar/bin/python -m src.train --global-config configs/global_cifar10.yaml --config configs/cka_feddst_mnist.yaml --seed 42 --sparsity 0.7 --cka-strength 1 --log-dir results/logs/cka_strength_sweep/cifar10/strength_1p0/seed_42 --checkpoint-dir results/checkpoints/cka_strength_sweep/cifar10/strength_1p0/seed_42 --plot-dir results/plots/cka_strength_sweep/cifar10,passed
cifar10,cka_strength,103,125,cka_feddst,42,0.8,1,configs/global_cifar10.yaml,configs/cka_feddst_mnist.yaml,results/logs/cka_strength_sweep/cifar10/strength_1p0/seed_42,results/checkpoints/cka_strength_sweep/cifar10/strength_1p0/seed_42,results/plots/cka_strength_sweep/cifar10,/mnt/aiongpfs/users/dsen/micromamba/envs/cka-cifar/bin/python -m src.train --global-config configs/global_cifar10.yaml --config configs/cka_feddst_mnist.yaml --seed 42 --sparsity 0.8 --cka-strength 1 --log-dir results/logs/cka_strength_sweep/cifar10/strength_1p0/seed_42 --checkpoint-dir results/checkpoints/cka_strength_sweep/cifar10/strength_1p0/seed_42 --plot-dir results/plots/cka_strength_sweep/cifar10,passed
cifar10,cka_strength,104,125,cka_feddst,42,0.9,1,configs/global_cifar10.yaml,configs/cka_feddst_mnist.yaml,results/logs/cka_strength_sweep/cifar10/strength_1p0/seed_42,results/checkpoints/cka_strength_sweep/cifar10/strength_1p0/seed_42,results/plots/cka_strength_sweep/cifar10,/mnt/aiongpfs/users/dsen/micromamba/envs/cka-cifar/bin/python -m src.train --global-config configs/global_cifar10.yaml --config configs/cka_feddst_mnist.yaml --seed 42 --sparsity 0.9 --cka-strength 1 --log-dir results/logs/cka_strength_sweep/cifar10/strength_1p0/seed_42 --checkpoint-dir results/checkpoints/cka_strength_sweep/cifar10/strength_1p0/seed_42 --plot-dir results/plots/cka_strength_sweep/cifar10,passed
cifar10,cka_strength,105,125,cka_feddst,42,0.95,1,configs/global_cifar10.yaml,configs/cka_feddst_mnist.yaml,results/logs/cka_strength_sweep/cifar10/strength_1p0/seed_42,results/checkpoints/cka_strength_sweep/cifar10/strength_1p0/seed_42,results/plots/cka_strength_sweep/cifar10,/mnt/aiongpfs/users/dsen/micromamba/envs/cka-cifar/bin/python -m src.train --global-config configs/global_cifar10.yaml --config configs/cka_feddst_mnist.yaml --seed 42 --sparsity 0.95 --cka-strength 1 --log-dir results/logs/cka_strength_sweep/cifar10/strength_1p0/seed_42 --checkpoint-dir results/checkpoints/cka_strength_sweep/cifar10/strength_1p0/seed_42 --plot-dir results/plots/cka_strength_sweep/cifar10,passed
cifar10,cka_strength,106,125,cka_feddst,7,0.5,1,configs/global_cifar10.yaml,configs/cka_feddst_mnist.yaml,results/logs/cka_strength_sweep/cifar10/strength_1p0/seed_7,results/checkpoints/cka_strength_sweep/cifar10/strength_1p0/seed_7,results/plots/cka_strength_sweep/cifar10,/mnt/aiongpfs/users/dsen/micromamba/envs/cka-cifar/bin/python -m src.train --global-config configs/global_cifar10.yaml --config configs/cka_feddst_mnist.yaml --seed 7 --sparsity 0.5 --cka-strength 1 --log-dir results/logs/cka_strength_sweep/cifar10/strength_1p0/seed_7 --checkpoint-dir results/checkpoints/cka_strength_sweep/cifar10/strength_1p0/seed_7 --plot-dir results/plots/cka_strength_sweep/cifar10,passed
cifar10,cka_strength,107,125,cka_feddst,7,0.7,1,configs/global_cifar10.yaml,configs/cka_feddst_mnist.yaml,results/logs/cka_strength_sweep/cifar10/strength_1p0/seed_7,results/checkpoints/cka_strength_sweep/cifar10/strength_1p0/seed_7,results/plots/cka_strength_sweep/cifar10,/mnt/aiongpfs/users/dsen/micromamba/envs/cka-cifar/bin/python -m src.train --global-config configs/global_cifar10.yaml --config configs/cka_feddst_mnist.yaml --seed 7 --sparsity 0.7 --cka-strength 1 --log-dir results/logs/cka_strength_sweep/cifar10/strength_1p0/seed_7 --checkpoint-dir results/checkpoints/cka_strength_sweep/cifar10/strength_1p0/seed_7 --plot-dir results/plots/cka_strength_sweep/cifar10,passed
cifar10,cka_strength,108,125,cka_feddst,7,0.8,1,configs/global_cifar10.yaml,configs/cka_feddst_mnist.yaml,results/logs/cka_strength_sweep/cifar10/strength_1p0/seed_7,results/checkpoints/cka_strength_sweep/cifar10/strength_1p0/seed_7,results/plots/cka_strength_sweep/cifar10,/mnt/aiongpfs/users/dsen/micromamba/envs/cka-cifar/bin/python -m src.train --global-config configs/global_cifar10.yaml --config configs/cka_feddst_mnist.yaml --seed 7 --sparsity 0.8 --cka-strength 1 --log-dir results/logs/cka_strength_sweep/cifar10/strength_1p0/seed_7 --checkpoint-dir results/checkpoints/cka_strength_sweep/cifar10/strength_1p0/seed_7 --plot-dir results/plots/cka_strength_sweep/cifar10,passed
cifar10,cka_strength,109,125,cka_feddst,7,0.9,1,configs/global_cifar10.yaml,configs/cka_feddst_mnist.yaml,results/logs/cka_strength_sweep/cifar10/strength_1p0/seed_7,results/checkpoints/cka_strength_sweep/cifar10/strength_1p0/seed_7,results/plots/cka_strength_sweep/cifar10,/mnt/aiongpfs/users/dsen/micromamba/envs/cka-cifar/bin/python -m src.train --global-config configs/global_cifar10.yaml --config configs/cka_feddst_mnist.yaml --seed 7 --sparsity 0.9 --cka-strength 1 --log-dir results/logs/cka_strength_sweep/cifar10/strength_1p0/seed_7 --checkpoint-dir results/checkpoints/cka_strength_sweep/cifar10/strength_1p0/seed_7 --plot-dir results/plots/cka_strength_sweep/cifar10,passed
cifar10,cka_strength,110,125,cka_feddst,7,0.95,1,configs/global_cifar10.yaml,configs/cka_feddst_mnist.yaml,results/logs/cka_strength_sweep/cifar10/strength_1p0/seed_7,results/checkpoints/cka_strength_sweep/cifar10/strength_1p0/seed_7,results/plots/cka_strength_sweep/cifar10,/mnt/aiongpfs/users/dsen/micromamba/envs/cka-cifar/bin/python -m src.train --global-config configs/global_cifar10.yaml --config configs/cka_feddst_mnist.yaml --seed 7 --sparsity 0.95 --cka-strength 1 --log-dir results/logs/cka_strength_sweep/cifar10/strength_1p0/seed_7 --checkpoint-dir results/checkpoints/cka_strength_sweep/cifar10/strength_1p0/seed_7 --plot-dir results/plots/cka_strength_sweep/cifar10,passed
cifar10,cka_strength,111,125,cka_feddst,13,0.5,1,configs/global_cifar10.yaml,configs/cka_feddst_mnist.yaml,results/logs/cka_strength_sweep/cifar10/strength_1p0/seed_13,results/checkpoints/cka_strength_sweep/cifar10/strength_1p0/seed_13,results/plots/cka_strength_sweep/cifar10,/mnt/aiongpfs/users/dsen/micromamba/envs/cka-cifar/bin/python -m src.train --global-config configs/global_cifar10.yaml --config configs/cka_feddst_mnist.yaml --seed 13 --sparsity 0.5 --cka-strength 1 --log-dir results/logs/cka_strength_sweep/cifar10/strength_1p0/seed_13 --checkpoint-dir results/checkpoints/cka_strength_sweep/cifar10/strength_1p0/seed_13 --plot-dir results/plots/cka_strength_sweep/cifar10,passed
cifar10,cka_strength,112,125,cka_feddst,13,0.7,1,configs/global_cifar10.yaml,configs/cka_feddst_mnist.yaml,results/logs/cka_strength_sweep/cifar10/strength_1p0/seed_13,results/checkpoints/cka_strength_sweep/cifar10/strength_1p0/seed_13,results/plots/cka_strength_sweep/cifar10,/mnt/aiongpfs/users/dsen/micromamba/envs/cka-cifar/bin/python -m src.train --global-config configs/global_cifar10.yaml --config configs/cka_feddst_mnist.yaml --seed 13 --sparsity 0.7 --cka-strength 1 --log-dir results/logs/cka_strength_sweep/cifar10/strength_1p0/seed_13 --checkpoint-dir results/checkpoints/cka_strength_sweep/cifar10/strength_1p0/seed_13 --plot-dir results/plots/cka_strength_sweep/cifar10,passed
cifar10,cka_strength,113,125,cka_feddst,13,0.8,1,configs/global_cifar10.yaml,configs/cka_feddst_mnist.yaml,results/logs/cka_strength_sweep/cifar10/strength_1p0/seed_13,results/checkpoints/cka_strength_sweep/cifar10/strength_1p0/seed_13,results/plots/cka_strength_sweep/cifar10,/mnt/aiongpfs/users/dsen/micromamba/envs/cka-cifar/bin/python -m src.train --global-config configs/global_cifar10.yaml --config configs/cka_feddst_mnist.yaml --seed 13 --sparsity 0.8 --cka-strength 1 --log-dir results/logs/cka_strength_sweep/cifar10/strength_1p0/seed_13 --checkpoint-dir results/checkpoints/cka_strength_sweep/cifar10/strength_1p0/seed_13 --plot-dir results/plots/cka_strength_sweep/cifar10,passed
cifar10,cka_strength,114,125,cka_feddst,13,0.9,1,configs/global_cifar10.yaml,configs/cka_feddst_mnist.yaml,results/logs/cka_strength_sweep/cifar10/strength_1p0/seed_13,results/checkpoints/cka_strength_sweep/cifar10/strength_1p0/seed_13,results/plots/cka_strength_sweep/cifar10,/mnt/aiongpfs/users/dsen/micromamba/envs/cka-cifar/bin/python -m src.train --global-config configs/global_cifar10.yaml --config configs/cka_feddst_mnist.yaml --seed 13 --sparsity 0.9 --cka-strength 1 --log-dir results/logs/cka_strength_sweep/cifar10/strength_1p0/seed_13 --checkpoint-dir results/checkpoints/cka_strength_sweep/cifar10/strength_1p0/seed_13 --plot-dir results/plots/cka_strength_sweep/cifar10,passed
cifar10,cka_strength,115,125,cka_feddst,13,0.95,1,configs/global_cifar10.yaml,configs/cka_feddst_mnist.yaml,results/logs/cka_strength_sweep/cifar10/strength_1p0/seed_13,results/checkpoints/cka_strength_sweep/cifar10/strength_1p0/seed_13,results/plots/cka_strength_sweep/cifar10,/mnt/aiongpfs/users/dsen/micromamba/envs/cka-cifar/bin/python -m src.train --global-config configs/global_cifar10.yaml --config configs/cka_feddst_mnist.yaml --seed 13 --sparsity 0.95 --cka-strength 1 --log-dir results/logs/cka_strength_sweep/cifar10/strength_1p0/seed_13 --checkpoint-dir results/checkpoints/cka_strength_sweep/cifar10/strength_1p0/seed_13 --plot-dir results/plots/cka_strength_sweep/cifar10,passed
cifar10,cka_strength,116,125,cka_feddst,21,0.5,1,configs/global_cifar10.yaml,configs/cka_feddst_mnist.yaml,results/logs/cka_strength_sweep/cifar10/strength_1p0/seed_21,results/checkpoints/cka_strength_sweep/cifar10/strength_1p0/seed_21,results/plots/cka_strength_sweep/cifar10,/mnt/aiongpfs/users/dsen/micromamba/envs/cka-cifar/bin/python -m src.train --global-config configs/global_cifar10.yaml --config configs/cka_feddst_mnist.yaml --seed 21 --sparsity 0.5 --cka-strength 1 --log-dir results/logs/cka_strength_sweep/cifar10/strength_1p0/seed_21 --checkpoint-dir results/checkpoints/cka_strength_sweep/cifar10/strength_1p0/seed_21 --plot-dir results/plots/cka_strength_sweep/cifar10,passed
cifar10,cka_strength,117,125,cka_feddst,21,0.7,1,configs/global_cifar10.yaml,configs/cka_feddst_mnist.yaml,results/logs/cka_strength_sweep/cifar10/strength_1p0/seed_21,results/checkpoints/cka_strength_sweep/cifar10/strength_1p0/seed_21,results/plots/cka_strength_sweep/cifar10,/mnt/aiongpfs/users/dsen/micromamba/envs/cka-cifar/bin/python -m src.train --global-config configs/global_cifar10.yaml --config configs/cka_feddst_mnist.yaml --seed 21 --sparsity 0.7 --cka-strength 1 --log-dir results/logs/cka_strength_sweep/cifar10/strength_1p0/seed_21 --checkpoint-dir results/checkpoints/cka_strength_sweep/cifar10/strength_1p0/seed_21 --plot-dir results/plots/cka_strength_sweep/cifar10,passed
cifar10,cka_strength,118,125,cka_feddst,21,0.8,1,configs/global_cifar10.yaml,configs/cka_feddst_mnist.yaml,results/logs/cka_strength_sweep/cifar10/strength_1p0/seed_21,results/checkpoints/cka_strength_sweep/cifar10/strength_1p0/seed_21,results/plots/cka_strength_sweep/cifar10,/mnt/aiongpfs/users/dsen/micromamba/envs/cka-cifar/bin/python -m src.train --global-config configs/global_cifar10.yaml --config configs/cka_feddst_mnist.yaml --seed 21 --sparsity 0.8 --cka-strength 1 --log-dir results/logs/cka_strength_sweep/cifar10/strength_1p0/seed_21 --checkpoint-dir results/checkpoints/cka_strength_sweep/cifar10/strength_1p0/seed_21 --plot-dir results/plots/cka_strength_sweep/cifar10,passed
cifar10,cka_strength,119,125,cka_feddst,21,0.9,1,configs/global_cifar10.yaml,configs/cka_feddst_mnist.yaml,results/logs/cka_strength_sweep/cifar10/strength_1p0/seed_21,results/checkpoints/cka_strength_sweep/cifar10/strength_1p0/seed_21,results/plots/cka_strength_sweep/cifar10,/mnt/aiongpfs/users/dsen/micromamba/envs/cka-cifar/bin/python -m src.train --global-config configs/global_cifar10.yaml --config configs/cka_feddst_mnist.yaml --seed 21 --sparsity 0.9 --cka-strength 1 --log-dir results/logs/cka_strength_sweep/cifar10/strength_1p0/seed_21 --checkpoint-dir results/checkpoints/cka_strength_sweep/cifar10/strength_1p0/seed_21 --plot-dir results/plots/cka_strength_sweep/cifar10,passed
cifar10,cka_strength,120,125,cka_feddst,21,0.95,1,configs/global_cifar10.yaml,configs/cka_feddst_mnist.yaml,results/logs/cka_strength_sweep/cifar10/strength_1p0/seed_21,results/checkpoints/cka_strength_sweep/cifar10/strength_1p0/seed_21,results/plots/cka_strength_sweep/cifar10,/mnt/aiongpfs/users/dsen/micromamba/envs/cka-cifar/bin/python -m src.train --global-config configs/global_cifar10.yaml --config configs/cka_feddst_mnist.yaml --seed 21 --sparsity 0.95 --cka-strength 1 --log-dir results/logs/cka_strength_sweep/cifar10/strength_1p0/seed_21 --checkpoint-dir results/checkpoints/cka_strength_sweep/cifar10/strength_1p0/seed_21 --plot-dir results/plots/cka_strength_sweep/cifar10,passed
cifar10,cka_strength,121,125,cka_feddst,100,0.5,1,configs/global_cifar10.yaml,configs/cka_feddst_mnist.yaml,results/logs/cka_strength_sweep/cifar10/strength_1p0/seed_100,results/checkpoints/cka_strength_sweep/cifar10/strength_1p0/seed_100,results/plots/cka_strength_sweep/cifar10,/mnt/aiongpfs/users/dsen/micromamba/envs/cka-cifar/bin/python -m src.train --global-config configs/global_cifar10.yaml --config configs/cka_feddst_mnist.yaml --seed 100 --sparsity 0.5 --cka-strength 1 --log-dir results/logs/cka_strength_sweep/cifar10/strength_1p0/seed_100 --checkpoint-dir results/checkpoints/cka_strength_sweep/cifar10/strength_1p0/seed_100 --plot-dir results/plots/cka_strength_sweep/cifar10,passed
cifar10,cka_strength,122,125,cka_feddst,100,0.7,1,configs/global_cifar10.yaml,configs/cka_feddst_mnist.yaml,results/logs/cka_strength_sweep/cifar10/strength_1p0/seed_100,results/checkpoints/cka_strength_sweep/cifar10/strength_1p0/seed_100,results/plots/cka_strength_sweep/cifar10,/mnt/aiongpfs/users/dsen/micromamba/envs/cka-cifar/bin/python -m src.train --global-config configs/global_cifar10.yaml --config configs/cka_feddst_mnist.yaml --seed 100 --sparsity 0.7 --cka-strength 1 --log-dir results/logs/cka_strength_sweep/cifar10/strength_1p0/seed_100 --checkpoint-dir results/checkpoints/cka_strength_sweep/cifar10/strength_1p0/seed_100 --plot-dir results/plots/cka_strength_sweep/cifar10,passed
cifar10,cka_strength,123,125,cka_feddst,100,0.8,1,configs/global_cifar10.yaml,configs/cka_feddst_mnist.yaml,results/logs/cka_strength_sweep/cifar10/strength_1p0/seed_100,results/checkpoints/cka_strength_sweep/cifar10/strength_1p0/seed_100,results/plots/cka_strength_sweep/cifar10,/mnt/aiongpfs/users/dsen/micromamba/envs/cka-cifar/bin/python -m src.train --global-config configs/global_cifar10.yaml --config configs/cka_feddst_mnist.yaml --seed 100 --sparsity 0.8 --cka-strength 1 --log-dir results/logs/cka_strength_sweep/cifar10/strength_1p0/seed_100 --checkpoint-dir results/checkpoints/cka_strength_sweep/cifar10/strength_1p0/seed_100 --plot-dir results/plots/cka_strength_sweep/cifar10,passed
cifar10,cka_strength,124,125,cka_feddst,100,0.9,1,configs/global_cifar10.yaml,configs/cka_feddst_mnist.yaml,results/logs/cka_strength_sweep/cifar10/strength_1p0/seed_100,results/checkpoints/cka_strength_sweep/cifar10/strength_1p0/seed_100,results/plots/cka_strength_sweep/cifar10,/mnt/aiongpfs/users/dsen/micromamba/envs/cka-cifar/bin/python -m src.train --global-config configs/global_cifar10.yaml --config configs/cka_feddst_mnist.yaml --seed 100 --sparsity 0.9 --cka-strength 1 --log-dir results/logs/cka_strength_sweep/cifar10/strength_1p0/seed_100 --checkpoint-dir results/checkpoints/cka_strength_sweep/cifar10/strength_1p0/seed_100 --plot-dir results/plots/cka_strength_sweep/cifar10,passed
cifar10,cka_strength,125,125,cka_feddst,100,0.95,1,configs/global_cifar10.yaml,configs/cka_feddst_mnist.yaml,results/logs/cka_strength_sweep/cifar10/strength_1p0/seed_100,results/checkpoints/cka_strength_sweep/cifar10/strength_1p0/seed_100,results/plots/cka_strength_sweep/cifar10,/mnt/aiongpfs/users/dsen/micromamba/envs/cka-cifar/bin/python -m src.train --global-config configs/global_cifar10.yaml --config configs/cka_feddst_mnist.yaml --seed 100 --sparsity 0.95 --cka-strength 1 --log-dir results/logs/cka_strength_sweep/cifar10/strength_1p0/seed_100 --checkpoint-dir results/checkpoints/cka_strength_sweep/cifar10/strength_1p0/seed_100 --plot-dir results/plots/cka_strength_sweep/cifar10,passed
