round,layer,client_i,client_j,cka,average_layer_cka,num_reference_samples
2,conv1,0,0,1.0,1.0,200
2,conv1,0,1,1.0,1.0,200
2,conv1,0,2,1.0,1.0,200
2,conv1,0,3,1.0,1.0,200
2,conv1,0,4,1.0,1.0,200
2,conv1,1,0,1.0,1.0,200
2,conv1,1,1,1.0,1.0,200
2,conv1,1,2,1.0,1.0,200
2,conv1,1,3,1.0,1.0,200
2,conv1,1,4,1.0,1.0,200
2,conv1,2,0,1.0,1.0,200
2,conv1,2,1,1.0,1.0,200
2,conv1,2,2,1.0,1.0,200
2,conv1,2,3,1.0,1.0,200
2,conv1,2,4,1.0,1.0,200
2,conv1,3,0,1.0,1.0,200
2,conv1,3,1,1.0,1.0,200
2,conv1,3,2,1.0,1.0,200
2,conv1,3,3,1.0,1.0,200
2,conv1,3,4,1.0,1.0,200
2,conv1,4,0,1.0,1.0,200
2,conv1,4,1,1.0,1.0,200
2,conv1,4,2,1.0,1.0,200
2,conv1,4,3,1.0,1.0,200
2,conv1,4,4,1.0,1.0,200
2,conv2,0,0,1.0,0.9999903440475464,200
2,conv2,0,1,0.9999983906745911,0.9999903440475464,200
2,conv2,0,2,0.9999939799308777,0.9999903440475464,200
2,conv2,0,3,0.9999865293502808,0.9999903440475464,200
2,conv2,0,4,0.999997615814209,0.9999903440475464,200
2,conv2,1,0,0.9999983906745911,0.9999903440475464,200
2,conv2,1,1,1.0,0.9999903440475464,200
2,conv2,1,2,0.9999938607215881,0.9999903440475464,200
2,conv2,1,3,0.9999874234199524,0.9999903440475464,200
2,conv2,1,4,0.9999945759773254,0.9999903440475464,200
2,conv2,2,0,0.9999939799308777,0.9999903440475464,200
2,conv2,2,1,0.9999938607215881,0.9999903440475464,200
2,conv2,2,2,1.0,0.9999903440475464,200
2,conv2,2,3,0.9999771118164062,0.9999903440475464,200
2,conv2,2,4,0.9999926090240479,0.9999903440475464,200
2,conv2,3,0,0.9999865293502808,0.9999903440475464,200
2,conv2,3,1,0.9999874234199524,0.9999903440475464,200
2,conv2,3,2,0.9999771118164062,0.9999903440475464,200
2,conv2,3,3,1.0,0.9999903440475464,200
2,conv2,3,4,0.9999811053276062,0.9999903440475464,200
2,conv2,4,0,0.999997615814209,0.9999903440475464,200
2,conv2,4,1,0.9999945759773254,0.9999903440475464,200
2,conv2,4,2,0.9999926090240479,0.9999903440475464,200
2,conv2,4,3,0.9999811053276062,0.9999903440475464,200
2,conv2,4,4,1.0,0.9999903440475464,200
2,fc1,0,0,1.0,0.9858289957046509,200
2,fc1,0,1,0.9944446086883545,0.9858289957046509,200
2,fc1,0,2,0.9796241521835327,0.9858289957046509,200
2,fc1,0,3,0.9902714490890503,0.9858289957046509,200
2,fc1,0,4,0.9911919236183167,0.9858289957046509,200
2,fc1,1,0,0.9944446086883545,0.9858289957046509,200
2,fc1,1,1,1.0,0.9858289957046509,200
2,fc1,1,2,0.9762575030326843,0.9858289957046509,200
2,fc1,1,3,0.9879472851753235,0.9858289957046509,200
2,fc1,1,4,0.9907235503196716,0.9858289957046509,200
2,fc1,2,0,0.9796241521835327,0.9858289957046509,200
2,fc1,2,1,0.9762575030326843,0.9858289957046509,200
2,fc1,2,2,1.0,0.9858289957046509,200
2,fc1,2,3,0.981144368648529,0.9858289957046509,200
2,fc1,2,4,0.9809943437576294,0.9858289957046509,200
2,fc1,3,0,0.9902714490890503,0.9858289957046509,200
2,fc1,3,1,0.9879472851753235,0.9858289957046509,200
2,fc1,3,2,0.981144368648529,0.9858289957046509,200
2,fc1,3,3,1.0,0.9858289957046509,200
2,fc1,3,4,0.9856914281845093,0.9858289957046509,200
2,fc1,4,0,0.9911919236183167,0.9858289957046509,200
2,fc1,4,1,0.9907235503196716,0.9858289957046509,200
2,fc1,4,2,0.9809943437576294,0.9858289957046509,200
2,fc1,4,3,0.9856914281845093,0.9858289957046509,200
2,fc1,4,4,1.0,0.9858289957046509,200
4,conv1,0,0,1.0,1.0,200
4,conv1,0,1,1.0,1.0,200
4,conv1,0,2,1.0,1.0,200
4,conv1,0,3,1.0,1.0,200
4,conv1,0,4,1.0,1.0,200
4,conv1,1,0,1.0,1.0,200
4,conv1,1,1,1.0,1.0,200
4,conv1,1,2,0.9999999403953552,1.0,200
4,conv1,1,3,0.9999999403953552,1.0,200
4,conv1,1,4,1.0,1.0,200
4,conv1,2,0,1.0,1.0,200
4,conv1,2,1,0.9999999403953552,1.0,200
4,conv1,2,2,1.0,1.0,200
4,conv1,2,3,1.0,1.0,200
4,conv1,2,4,1.0,1.0,200
4,conv1,3,0,1.0,1.0,200
4,conv1,3,1,0.9999999403953552,1.0,200
4,conv1,3,2,1.0,1.0,200
4,conv1,3,3,1.0,1.0,200
4,conv1,3,4,1.0,1.0,200
4,conv1,4,0,1.0,1.0,200
4,conv1,4,1,1.0,1.0,200
4,conv1,4,2,1.0,1.0,200
4,conv1,4,3,1.0,1.0,200
4,conv1,4,4,1.0,1.0,200
4,conv2,0,0,1.0,0.9949319958686829,200
4,conv2,0,1,0.9999851584434509,0.9949319958686829,200
4,conv2,0,2,0.9999465942382812,0.9949319958686829,200
4,conv2,0,3,0.987659752368927,0.9949319958686829,200
4,conv2,0,4,0.9981945753097534,0.9949319958686829,200
4,conv2,1,0,0.9999851584434509,0.9949319958686829,200
4,conv2,1,1,1.0,0.9949319958686829,200
4,conv2,1,2,0.9999781847000122,0.9949319958686829,200
4,conv2,1,3,0.9868247509002686,0.9949319958686829,200
4,conv2,1,4,0.9978553056716919,0.9949319958686829,200
4,conv2,2,0,0.9999465942382812,0.9949319958686829,200
4,conv2,2,1,0.9999781847000122,0.9949319958686829,200
4,conv2,2,2,1.0,0.9949319958686829,200
4,conv2,2,3,0.9861615896224976,0.9949319958686829,200
4,conv2,2,4,0.9976333975791931,0.9949319958686829,200
4,conv2,3,0,0.987659752368927,0.9949319958686829,200
4,conv2,3,1,0.9868247509002686,0.9949319958686829,200
4,conv2,3,2,0.9861615896224976,0.9949319958686829,200
4,conv2,3,3,1.0,0.9949319958686829,200
4,conv2,3,4,0.9950804710388184,0.9949319958686829,200
4,conv2,4,0,0.9981945753097534,0.9949319958686829,200
4,conv2,4,1,0.9978553056716919,0.9949319958686829,200
4,conv2,4,2,0.9976333975791931,0.9949319958686829,200
4,conv2,4,3,0.9950804710388184,0.9949319958686829,200
4,conv2,4,4,1.0,0.9949319958686829,200
4,fc1,0,0,1.0,0.8739566802978516,200
4,fc1,0,1,0.9815401434898376,0.8739566802978516,200
4,fc1,0,2,0.9545943737030029,0.8739566802978516,200
4,fc1,0,3,0.8510023951530457,0.8739566802978516,200
4,fc1,0,4,0.8769460916519165,0.8739566802978516,200
4,fc1,1,0,0.9815401434898376,0.8739566802978516,200
4,fc1,1,1,1.0,0.8739566802978516,200
4,fc1,1,2,0.9642183184623718,0.8739566802978516,200
4,fc1,1,3,0.7594538331031799,0.8739566802978516,200
4,fc1,1,4,0.7951115369796753,0.8739566802978516,200
4,fc1,2,0,0.9545943737030029,0.8739566802978516,200
4,fc1,2,1,0.9642183184623718,0.8739566802978516,200
4,fc1,2,2,1.0,0.8739566802978516,200
4,fc1,2,3,0.7657545208930969,0.8739566802978516,200
4,fc1,2,4,0.8030776977539062,0.8739566802978516,200
4,fc1,3,0,0.8510023951530457,0.8739566802978516,200
4,fc1,3,1,0.7594538331031799,0.8739566802978516,200
4,fc1,3,2,0.7657545208930969,0.8739566802978516,200
4,fc1,3,3,1.0,0.8739566802978516,200
4,fc1,3,4,0.9878680109977722,0.8739566802978516,200
4,fc1,4,0,0.8769460916519165,0.8739566802978516,200
4,fc1,4,1,0.7951115369796753,0.8739566802978516,200
4,fc1,4,2,0.8030776977539062,0.8739566802978516,200
4,fc1,4,3,0.9878680109977722,0.8739566802978516,200
4,fc1,4,4,1.0,0.8739566802978516,200
6,conv1,0,0,1.0,0.9999570846557617,200
6,conv1,0,1,0.9999997615814209,0.9999570846557617,200
6,conv1,0,2,0.9999998211860657,0.9999570846557617,200
6,conv1,0,3,0.9998930096626282,0.9999570846557617,200
6,conv1,0,4,1.0,0.9999570846557617,200
6,conv1,1,0,0.9999997615814209,0.9999570846557617,200
6,conv1,1,1,1.0,0.9999570846557617,200
6,conv1,1,2,1.0,0.9999570846557617,200
6,conv1,1,3,0.9998931288719177,0.9999570846557617,200
6,conv1,1,4,1.0,0.9999570846557617,200
6,conv1,2,0,0.9999998211860657,0.9999570846557617,200
6,conv1,2,1,1.0,0.9999570846557617,200
6,conv1,2,2,1.0,0.9999570846557617,200
6,conv1,2,3,0.9998916983604431,0.9999570846557617,200
6,conv1,2,4,1.0,0.9999570846557617,200
6,conv1,3,0,0.9998930096626282,0.9999570846557617,200
6,conv1,3,1,0.9998931288719177,0.9999570846557617,200
6,conv1,3,2,0.9998916983604431,0.9999570846557617,200
6,conv1,3,3,1.0,0.9999570846557617,200
6,conv1,3,4,0.9998942017555237,0.9999570846557617,200
6,conv1,4,0,1.0,0.9999570846557617,200
6,conv1,4,1,1.0,0.9999570846557617,200
6,conv1,4,2,1.0,0.9999570846557617,200
6,conv1,4,3,0.9998942017555237,0.9999570846557617,200
6,conv1,4,4,1.0,0.9999570846557617,200
6,conv2,0,0,1.0,0.984088122844696,200
6,conv2,0,1,0.9998965263366699,0.984088122844696,200
6,conv2,0,2,0.9995516538619995,0.984088122844696,200
6,conv2,0,3,0.9612957835197449,0.984088122844696,200
6,conv2,0,4,0.9999403357505798,0.984088122844696,200
6,conv2,1,0,0.9998965263366699,0.984088122844696,200
6,conv2,1,1,1.0,0.984088122844696,200
6,conv2,1,2,0.9990217685699463,0.984088122844696,200
6,conv2,1,3,0.965119481086731,0.984088122844696,200
6,conv2,1,4,0.9999865293502808,0.984088122844696,200
6,conv2,2,0,0.9995516538619995,0.984088122844696,200
6,conv2,2,1,0.9990217685699463,0.984088122844696,200
6,conv2,2,2,1.0,0.984088122844696,200
6,conv2,2,3,0.9527409076690674,0.984088122844696,200
6,conv2,2,4,0.9991735816001892,0.984088122844696,200
6,conv2,3,0,0.9612957835197449,0.984088122844696,200
6,conv2,3,1,0.965119481086731,0.984088122844696,200
6,conv2,3,2,0.9527409076690674,0.984088122844696,200
6,conv2,3,3,1.0,0.984088122844696,200
6,conv2,3,4,0.9641548991203308,0.984088122844696,200
6,conv2,4,0,0.9999403357505798,0.984088122844696,200
6,conv2,4,1,0.9999865293502808,0.984088122844696,200
6,conv2,4,2,0.9991735816001892,0.984088122844696,200
6,conv2,4,3,0.9641548991203308,0.984088122844696,200
6,conv2,4,4,1.0,0.984088122844696,200
6,fc1,0,0,1.0,0.9576190114021301,200
6,fc1,0,1,0.9957476258277893,0.9576190114021301,200
6,fc1,0,2,0.9812687635421753,0.9576190114021301,200
6,fc1,0,3,0.9256855845451355,0.9576190114021301,200
6,fc1,0,4,0.993500828742981,0.9576190114021301,200
6,fc1,1,0,0.9957476258277893,0.9576190114021301,200
6,fc1,1,1,1.0,0.9576190114021301,200
6,fc1,1,2,0.9710370302200317,0.9576190114021301,200
6,fc1,1,3,0.9470000863075256,0.9576190114021301,200
6,fc1,1,4,0.9943538308143616,0.9576190114021301,200
6,fc1,2,0,0.9812687635421753,0.9576190114021301,200
6,fc1,2,1,0.9710370302200317,0.9576190114021301,200
6,fc1,2,2,1.0,0.9576190114021301,200
6,fc1,2,3,0.860947847366333,0.9576190114021301,200
6,fc1,2,4,0.9758521318435669,0.9576190114021301,200
6,fc1,3,0,0.9256855845451355,0.9576190114021301,200
6,fc1,3,1,0.9470000863075256,0.9576190114021301,200
6,fc1,3,2,0.860947847366333,0.9576190114021301,200
6,fc1,3,3,1.0,0.9576190114021301,200
6,fc1,3,4,0.9307966828346252,0.9576190114021301,200
6,fc1,4,0,0.993500828742981,0.9576190114021301,200
6,fc1,4,1,0.9943538308143616,0.9576190114021301,200
6,fc1,4,2,0.9758521318435669,0.9576190114021301,200
6,fc1,4,3,0.9307966828346252,0.9576190114021301,200
6,fc1,4,4,1.0,0.9576190114021301,200
8,conv1,0,0,1.0,0.9999500513076782,200
8,conv1,0,1,0.9999984502792358,0.9999500513076782,200
8,conv1,0,2,0.9999181032180786,0.9999500513076782,200
8,conv1,0,3,0.9998859167098999,0.9999500513076782,200
8,conv1,0,4,0.9999971985816956,0.9999500513076782,200
8,conv1,1,0,0.9999984502792358,0.9999500513076782,200
8,conv1,1,1,1.0,0.9999500513076782,200
8,conv1,1,2,0.9999403357505798,0.9999500513076782,200
8,conv1,1,3,0.9999126195907593,0.9999500513076782,200
8,conv1,1,4,0.9999991655349731,0.9999500513076782,200
8,conv1,2,0,0.9999181032180786,0.9999500513076782,200
8,conv1,2,1,0.9999403357505798,0.9999500513076782,200
8,conv1,2,2,1.0,0.9999500513076782,200
8,conv1,2,3,0.9999972581863403,0.9999500513076782,200
8,conv1,2,4,0.9999393224716187,0.9999500513076782,200
8,conv1,3,0,0.9998859167098999,0.9999500513076782,200
8,conv1,3,1,0.9999126195907593,0.9999500513076782,200
8,conv1,3,2,0.9999972581863403,0.9999500513076782,200
8,conv1,3,3,1.0,0.9999500513076782,200
8,conv1,3,4,0.9999119639396667,0.9999500513076782,200
8,conv1,4,0,0.9999971985816956,0.9999500513076782,200
8,conv1,4,1,0.9999991655349731,0.9999500513076782,200
8,conv1,4,2,0.9999393224716187,0.9999500513076782,200
8,conv1,4,3,0.9999119639396667,0.9999500513076782,200
8,conv1,4,4,1.0,0.9999500513076782,200
8,conv2,0,0,1.0,0.9999538660049438,200
8,conv2,0,1,0.9999948740005493,0.9999538660049438,200
8,conv2,0,2,0.9999152421951294,0.9999538660049438,200
8,conv2,0,3,0.9999189972877502,0.9999538660049438,200
8,conv2,0,4,0.9999847412109375,0.9999538660049438,200
8,conv2,1,0,0.9999948740005493,0.9999538660049438,200
8,conv2,1,1,1.0,0.9999538660049438,200
8,conv2,1,2,0.9999417066574097,0.9999538660049438,200
8,conv2,1,3,0.9999460577964783,0.9999538660049438,200
8,conv2,1,4,0.9999914169311523,0.9999538660049438,200
8,conv2,2,0,0.9999152421951294,0.9999538660049438,200
8,conv2,2,1,0.9999417066574097,0.9999538660049438,200
8,conv2,2,2,1.0,0.9999538660049438,200
8,conv2,2,3,0.9999924898147583,0.9999538660049438,200
8,conv2,2,4,0.9999184608459473,0.9999538660049438,200
8,conv2,3,0,0.9999189972877502,0.9999538660049438,200
8,conv2,3,1,0.9999460577964783,0.9999538660049438,200
8,conv2,3,2,0.9999924898147583,0.9999538660049438,200
8,conv2,3,3,1.0,0.9999538660049438,200
8,conv2,3,4,0.9999351501464844,0.9999538660049438,200
8,conv2,4,0,0.9999847412109375,0.9999538660049438,200
8,conv2,4,1,0.9999914169311523,0.9999538660049438,200
8,conv2,4,2,0.9999184608459473,0.9999538660049438,200
8,conv2,4,3,0.9999351501464844,0.9999538660049438,200
8,conv2,4,4,1.0,0.9999538660049438,200
8,fc1,0,0,1.0,0.9940210580825806,200
8,fc1,0,1,0.9965623617172241,0.9940210580825806,200
8,fc1,0,2,0.9932900667190552,0.9940210580825806,200
8,fc1,0,3,0.9927101135253906,0.9940210580825806,200
8,fc1,0,4,0.9951019883155823,0.9940210580825806,200
8,fc1,1,0,0.9965623617172241,0.9940210580825806,200
8,fc1,1,1,1.0,0.9940210580825806,200
8,fc1,1,2,0.996265172958374,0.9940210580825806,200
8,fc1,1,3,0.9915300011634827,0.9940210580825806,200
8,fc1,1,4,0.9973376989364624,0.9940210580825806,200
8,fc1,2,0,0.9932900667190552,0.9940210580825806,200
8,fc1,2,1,0.996265172958374,0.9940210580825806,200
8,fc1,2,2,1.0,0.9940210580825806,200
8,fc1,2,3,0.9932490587234497,0.9940210580825806,200
8,fc1,2,4,0.9942460656166077,0.9940210580825806,200
8,fc1,3,0,0.9927101135253906,0.9940210580825806,200
8,fc1,3,1,0.9915300011634827,0.9940210580825806,200
8,fc1,3,2,0.9932490587234497,0.9940210580825806,200
8,fc1,3,3,1.0,0.9940210580825806,200
8,fc1,3,4,0.9899177551269531,0.9940210580825806,200
8,fc1,4,0,0.9951019883155823,0.9940210580825806,200
8,fc1,4,1,0.9973376989364624,0.9940210580825806,200
8,fc1,4,2,0.9942460656166077,0.9940210580825806,200
8,fc1,4,3,0.9899177551269531,0.9940210580825806,200
8,fc1,4,4,1.0,0.9940210580825806,200
10,conv1,0,0,1.0,0.9999116063117981,200
10,conv1,0,1,1.0,0.9999116063117981,200
10,conv1,0,2,0.999942421913147,0.9999116063117981,200
10,conv1,0,3,0.9997404217720032,0.9999116063117981,200
10,conv1,0,4,0.9999712109565735,0.9999116063117981,200
10,conv1,1,0,1.0,0.9999116063117981,200
10,conv1,1,1,1.0,0.9999116063117981,200
10,conv1,1,2,0.9999440908432007,0.9999116063117981,200
10,conv1,1,3,0.9997432231903076,0.9999116063117981,200
10,conv1,1,4,0.9999727606773376,0.9999116063117981,200
10,conv1,2,0,0.999942421913147,0.9999116063117981,200
10,conv1,2,1,0.9999440908432007,0.9999116063117981,200
10,conv1,2,2,1.0,0.9999116063117981,200
10,conv1,2,3,0.9999265074729919,0.9999116063117981,200
10,conv1,2,4,0.9999942183494568,0.9999116063117981,200
10,conv1,3,0,0.9997404217720032,0.9999116063117981,200
10,conv1,3,1,0.9997432231903076,0.9999116063117981,200
10,conv1,3,2,0.9999265074729919,0.9999116063117981,200
10,conv1,3,3,1.0,0.9999116063117981,200
10,conv1,3,4,0.9998812675476074,0.9999116063117981,200
10,conv1,4,0,0.9999712109565735,0.9999116063117981,200
10,conv1,4,1,0.9999727606773376,0.9999116063117981,200
10,conv1,4,2,0.9999942183494568,0.9999116063117981,200
10,conv1,4,3,0.9998812675476074,0.9999116063117981,200
10,conv1,4,4,1.0,0.9999116063117981,200
10,conv2,0,0,1.0,0.9999402761459351,200
10,conv2,0,1,0.9999898672103882,0.9999402761459351,200
10,conv2,0,2,0.9999605417251587,0.9999402761459351,200
10,conv2,0,3,0.9998766779899597,0.9999402761459351,200
10,conv2,0,4,0.9999622702598572,0.9999402761459351,200
10,conv2,1,0,0.9999898672103882,0.9999402761459351,200
10,conv2,1,1,1.0,0.9999402761459351,200
10,conv2,1,2,0.9999706745147705,0.9999402761459351,200
10,conv2,1,3,0.9998798966407776,0.9999402761459351,200
10,conv2,1,4,0.9999485611915588,0.9999402761459351,200
10,conv2,2,0,0.9999605417251587,0.9999402761459351,200
10,conv2,2,1,0.9999706745147705,0.9999402761459351,200
10,conv2,2,2,1.0,0.9999402761459351,200
10,conv2,2,3,0.9999605417251587,0.9999402761459351,200
10,conv2,2,4,0.9999647736549377,0.9999402761459351,200
10,conv2,3,0,0.9998766779899597,0.9999402761459351,200
10,conv2,3,1,0.9998798966407776,0.9999402761459351,200
10,conv2,3,2,0.9999605417251587,0.9999402761459351,200
10,conv2,3,3,1.0,0.9999402761459351,200
10,conv2,3,4,0.9998895525932312,0.9999402761459351,200
10,conv2,4,0,0.9999622702598572,0.9999402761459351,200
10,conv2,4,1,0.9999485611915588,0.9999402761459351,200
10,conv2,4,2,0.9999647736549377,0.9999402761459351,200
10,conv2,4,3,0.9998895525932312,0.9999402761459351,200
10,conv2,4,4,1.0,0.9999402761459351,200
10,fc1,0,0,1.0,0.993299126625061,200
10,fc1,0,1,0.9971175193786621,0.993299126625061,200
10,fc1,0,2,0.9965241551399231,0.993299126625061,200
10,fc1,0,3,0.9900678992271423,0.993299126625061,200
10,fc1,0,4,0.9953252673149109,0.993299126625061,200
10,fc1,1,0,0.9971175193786621,0.993299126625061,200
10,fc1,1,1,1.0,0.993299126625061,200
10,fc1,1,2,0.9972127676010132,0.993299126625061,200
10,fc1,1,3,0.9857179522514343,0.993299126625061,200
10,fc1,1,4,0.9961790442466736,0.993299126625061,200
10,fc1,2,0,0.9965241551399231,0.993299126625061,200
10,fc1,2,1,0.9972127676010132,0.993299126625061,200
10,fc1,2,2,1.0,0.993299126625061,200
10,fc1,2,3,0.9892939925193787,0.993299126625061,200
10,fc1,2,4,0.9970352053642273,0.993299126625061,200
10,fc1,3,0,0.9900678992271423,0.993299126625061,200
10,fc1,3,1,0.9857179522514343,0.993299126625061,200
10,fc1,3,2,0.9892939925193787,0.993299126625061,200
10,fc1,3,3,1.0,0.993299126625061,200
10,fc1,3,4,0.9885173439979553,0.993299126625061,200
10,fc1,4,0,0.9953252673149109,0.993299126625061,200
10,fc1,4,1,0.9961790442466736,0.993299126625061,200
10,fc1,4,2,0.9970352053642273,0.993299126625061,200
10,fc1,4,3,0.9885173439979553,0.993299126625061,200
10,fc1,4,4,1.0,0.993299126625061,200
12,conv1,0,0,1.0,0.9996816515922546,200
12,conv1,0,1,0.9996457099914551,0.9996816515922546,200
12,conv1,0,2,0.9998902082443237,0.9996816515922546,200
12,conv1,0,3,0.9998424649238586,0.9996816515922546,200
12,conv1,0,4,0.9999546408653259,0.9996816515922546,200
12,conv1,1,0,0.9996457099914551,0.9996816515922546,200
12,conv1,1,1,1.0,0.9996816515922546,200
12,conv1,1,2,0.9991530776023865,0.9996816515922546,200
12,conv1,1,3,0.9990189075469971,0.9996816515922546,200
12,conv1,1,4,0.9994105100631714,0.9996816515922546,200
12,conv1,2,0,0.9998902082443237,0.9996816515922546,200
12,conv1,2,1,0.9991530776023865,0.9996816515922546,200
12,conv1,2,2,1.0,0.9996816515922546,200
12,conv1,2,3,0.9999940395355225,0.9996816515922546,200
12,conv1,2,4,0.9999703764915466,0.9996816515922546,200
12,conv1,3,0,0.9998424649238586,0.9996816515922546,200
12,conv1,3,1,0.9990189075469971,0.9996816515922546,200
12,conv1,3,2,0.9999940395355225,0.9996816515922546,200
12,conv1,3,3,1.0,0.9996816515922546,200
12,conv1,3,4,0.9999358057975769,0.9996816515922546,200
12,conv1,4,0,0.9999546408653259,0.9996816515922546,200
12,conv1,4,1,0.9994105100631714,0.9996816515922546,200
12,conv1,4,2,0.9999703764915466,0.9996816515922546,200
12,conv1,4,3,0.9999358057975769,0.9996816515922546,200
12,conv1,4,4,1.0,0.9996816515922546,200
12,conv2,0,0,1.0,0.9997431635856628,200
12,conv2,0,1,0.9997684955596924,0.9997431635856628,200
12,conv2,0,2,0.9998921751976013,0.9997431635856628,200
12,conv2,0,3,0.9998748302459717,0.9997431635856628,200
12,conv2,0,4,0.9998245239257812,0.9997431635856628,200
12,conv2,1,0,0.9997684955596924,0.9997431635856628,200
12,conv2,1,1,1.0,0.9997431635856628,200
12,conv2,1,2,0.9994792938232422,0.9997431635856628,200
12,conv2,1,3,0.9993584156036377,0.9997431635856628,200
12,conv2,1,4,0.9996464252471924,0.9997431635856628,200
12,conv2,2,0,0.9998921751976013,0.9997431635856628,200
12,conv2,2,1,0.9994792938232422,0.9997431635856628,200
12,conv2,2,2,1.0,0.9997431635856628,200
12,conv2,2,3,0.9999484419822693,0.9997431635856628,200
12,conv2,2,4,0.9999005794525146,0.9997431635856628,200
12,conv2,3,0,0.9998748302459717,0.9997431635856628,200
12,conv2,3,1,0.9993584156036377,0.9997431635856628,200
12,conv2,3,2,0.9999484419822693,0.9997431635856628,200
12,conv2,3,3,1.0,0.9997431635856628,200
12,conv2,3,4,0.9997389912605286,0.9997431635856628,200
12,conv2,4,0,0.9998245239257812,0.9997431635856628,200
12,conv2,4,1,0.9996464252471924,0.9997431635856628,200
12,conv2,4,2,0.9999005794525146,0.9997431635856628,200
12,conv2,4,3,0.9997389912605286,0.9997431635856628,200
12,conv2,4,4,1.0,0.9997431635856628,200
12,fc1,0,0,1.0,0.9106596112251282,200
12,fc1,0,1,0.9597406387329102,0.9106596112251282,200
12,fc1,0,2,0.9557650685310364,0.9106596112251282,200
12,fc1,0,3,0.9498699307441711,0.9106596112251282,200
12,fc1,0,4,0.8898144960403442,0.9106596112251282,200
12,fc1,1,0,0.9597406387329102,0.9106596112251282,200
12,fc1,1,1,1.0,0.9106596112251282,200
12,fc1,1,2,0.8907622694969177,0.9106596112251282,200
12,fc1,1,3,0.8810869455337524,0.9106596112251282,200
12,fc1,1,4,0.8425564765930176,0.9106596112251282,200
12,fc1,2,0,0.9557650685310364,0.9106596112251282,200
12,fc1,2,1,0.8907622694969177,0.9106596112251282,200
12,fc1,2,2,1.0,0.9106596112251282,200
12,fc1,2,3,0.9466100931167603,0.9106596112251282,200
12,fc1,2,4,0.8990671634674072,0.9106596112251282,200
12,fc1,3,0,0.9498699307441711,0.9106596112251282,200
12,fc1,3,1,0.8810869455337524,0.9106596112251282,200
12,fc1,3,2,0.9466100931167603,0.9106596112251282,200
12,fc1,3,3,1.0,0.9106596112251282,200
12,fc1,3,4,0.8913226127624512,0.9106596112251282,200
12,fc1,4,0,0.8898144960403442,0.9106596112251282,200
12,fc1,4,1,0.8425564765930176,0.9106596112251282,200
12,fc1,4,2,0.8990671634674072,0.9106596112251282,200
12,fc1,4,3,0.8913226127624512,0.9106596112251282,200
12,fc1,4,4,1.0,0.9106596112251282,200
14,conv1,0,0,1.0,0.9999858736991882,200
14,conv1,0,1,0.9999949336051941,0.9999858736991882,200
14,conv1,0,2,0.9999755620956421,0.9999858736991882,200
14,conv1,0,3,0.9999943971633911,0.9999858736991882,200
14,conv1,0,4,0.9999892115592957,0.9999858736991882,200
14,conv1,1,0,0.9999949336051941,0.9999858736991882,200
14,conv1,1,1,1.0,0.9999858736991882,200
14,conv1,1,2,0.9999593496322632,0.9999858736991882,200
14,conv1,1,3,0.9999833106994629,0.9999858736991882,200
14,conv1,1,4,0.9999757409095764,0.9999858736991882,200
14,conv1,2,0,0.9999755620956421,0.9999858736991882,200
14,conv1,2,1,0.9999593496322632,0.9999858736991882,200
14,conv1,2,2,1.0,0.9999858736991882,200
14,conv1,2,3,0.9999940991401672,0.9999858736991882,200
14,conv1,2,4,0.9999932050704956,0.9999858736991882,200
14,conv1,3,0,0.9999943971633911,0.9999858736991882,200
14,conv1,3,1,0.9999833106994629,0.9999858736991882,200
14,conv1,3,2,0.9999940991401672,0.9999858736991882,200
14,conv1,3,3,1.0,0.9999858736991882,200
14,conv1,3,4,0.9999988675117493,0.9999858736991882,200
14,conv1,4,0,0.9999892115592957,0.9999858736991882,200
14,conv1,4,1,0.9999757409095764,0.9999858736991882,200
14,conv1,4,2,0.9999932050704956,0.9999858736991882,200
14,conv1,4,3,0.9999988675117493,0.9999858736991882,200
14,conv1,4,4,1.0,0.9999858736991882,200
14,conv2,0,0,1.0,0.9999731779098511,200
14,conv2,0,1,0.9999842643737793,0.9999731779098511,200
14,conv2,0,2,0.9999440908432007,0.9999731779098511,200
14,conv2,0,3,0.9999850392341614,0.9999731779098511,200
14,conv2,0,4,0.9999813437461853,0.9999731779098511,200
14,conv2,1,0,0.9999842643737793,0.9999731779098511,200
14,conv2,1,1,1.0,0.9999731779098511,200
14,conv2,1,2,0.9999438524246216,0.9999731779098511,200
14,conv2,1,3,0.9999737739562988,0.9999731779098511,200
14,conv2,1,4,0.9999891519546509,0.9999731779098511,200
14,conv2,2,0,0.9999440908432007,0.9999731779098511,200
14,conv2,2,1,0.9999438524246216,0.9999731779098511,200
14,conv2,2,2,1.0,0.9999731779098511,200
14,conv2,2,3,0.9999855756759644,0.9999731779098511,200
14,conv2,2,4,0.999962568283081,0.9999731779098511,200
14,conv2,3,0,0.9999850392341614,0.9999731779098511,200
14,conv2,3,1,0.9999737739562988,0.9999731779098511,200
14,conv2,3,2,0.9999855756759644,0.9999731779098511,200
14,conv2,3,3,1.0,0.9999731779098511,200
14,conv2,3,4,0.9999821782112122,0.9999731779098511,200
14,conv2,4,0,0.9999813437461853,0.9999731779098511,200
14,conv2,4,1,0.9999891519546509,0.9999731779098511,200
14,conv2,4,2,0.999962568283081,0.9999731779098511,200
14,conv2,4,3,0.9999821782112122,0.9999731779098511,200
14,conv2,4,4,1.0,0.9999731779098511,200
14,fc1,0,0,1.0,0.9755009412765503,200
14,fc1,0,1,0.9686630964279175,0.9755009412765503,200
14,fc1,0,2,0.9866315722465515,0.9755009412765503,200
14,fc1,0,3,0.9857393503189087,0.9755009412765503,200
14,fc1,0,4,0.9873783588409424,0.9755009412765503,200
14,fc1,1,0,0.9686630964279175,0.9755009412765503,200
14,fc1,1,1,1.0,0.9755009412765503,200
14,fc1,1,2,0.9676464796066284,0.9755009412765503,200
14,fc1,1,3,0.9701814651489258,0.9755009412765503,200
14,fc1,1,4,0.9552820920944214,0.9755009412765503,200
14,fc1,2,0,0.9866315722465515,0.9755009412765503,200
14,fc1,2,1,0.9676464796066284,0.9755009412765503,200
14,fc1,2,2,1.0,0.9755009412765503,200
14,fc1,2,3,0.9856623411178589,0.9755009412765503,200
14,fc1,2,4,0.979385256767273,0.9755009412765503,200
14,fc1,3,0,0.9857393503189087,0.9755009412765503,200
14,fc1,3,1,0.9701814651489258,0.9755009412765503,200
14,fc1,3,2,0.9856623411178589,0.9755009412765503,200
14,fc1,3,3,1.0,0.9755009412765503,200
14,fc1,3,4,0.9684387445449829,0.9755009412765503,200
14,fc1,4,0,0.9873783588409424,0.9755009412765503,200
14,fc1,4,1,0.9552820920944214,0.9755009412765503,200
14,fc1,4,2,0.979385256767273,0.9755009412765503,200
14,fc1,4,3,0.9684387445449829,0.9755009412765503,200
14,fc1,4,4,1.0,0.9755009412765503,200
16,conv1,0,0,1.0,0.9999938011169434,200
16,conv1,0,1,0.9999939799308777,0.9999938011169434,200
16,conv1,0,2,0.9999873042106628,0.9999938011169434,200
16,conv1,0,3,0.9999992847442627,0.9999938011169434,200
16,conv1,0,4,0.999994158744812,0.9999938011169434,200
16,conv1,1,0,0.9999939799308777,0.9999938011169434,200
16,conv1,1,1,1.0,0.9999938011169434,200
16,conv1,1,2,0.999984622001648,0.9999938011169434,200
16,conv1,1,3,0.9999938607215881,0.9999938011169434,200
16,conv1,1,4,0.9999933838844299,0.9999938011169434,200
16,conv1,2,0,0.9999873042106628,0.9999938011169434,200
16,conv1,2,1,0.999984622001648,0.9999938011169434,200
16,conv1,2,2,1.0,0.9999938011169434,200
16,conv1,2,3,0.9999939203262329,0.9999938011169434,200
16,conv1,2,4,0.9999987483024597,0.9999938011169434,200
16,conv1,3,0,0.9999992847442627,0.9999938011169434,200
16,conv1,3,1,0.9999938607215881,0.9999938011169434,200
16,conv1,3,2,0.9999939203262329,0.9999938011169434,200
16,conv1,3,3,1.0,0.9999938011169434,200
16,conv1,3,4,0.9999982118606567,0.9999938011169434,200
16,conv1,4,0,0.999994158744812,0.9999938011169434,200
16,conv1,4,1,0.9999933838844299,0.9999938011169434,200
16,conv1,4,2,0.9999987483024597,0.9999938011169434,200
16,conv1,4,3,0.9999982118606567,0.9999938011169434,200
16,conv1,4,4,1.0,0.9999938011169434,200
16,conv2,0,0,1.0,0.9999781847000122,200
16,conv2,0,1,0.9999769926071167,0.9999781847000122,200
16,conv2,0,2,0.9999583959579468,0.9999781847000122,200
16,conv2,0,3,0.9999924302101135,0.9999781847000122,200
16,conv2,0,4,0.9999903440475464,0.9999781847000122,200
16,conv2,1,0,0.9999769926071167,0.9999781847000122,200
16,conv2,1,1,1.0,0.9999781847000122,200
16,conv2,1,2,0.9999511241912842,0.9999781847000122,200
16,conv2,1,3,0.9999708533287048,0.9999781847000122,200
16,conv2,1,4,0.9999906420707703,0.9999781847000122,200
16,conv2,2,0,0.9999583959579468,0.9999781847000122,200
16,conv2,2,1,0.9999511241912842,0.9999781847000122,200
16,conv2,2,2,1.0,0.9999781847000122,200
16,conv2,2,3,0.9999852776527405,0.9999781847000122,200
16,conv2,2,4,0.9999738931655884,0.9999781847000122,200
16,conv2,3,0,0.9999924302101135,0.9999781847000122,200
16,conv2,3,1,0.9999708533287048,0.9999781847000122,200
16,conv2,3,2,0.9999852776527405,0.9999781847000122,200
16,conv2,3,3,1.0,0.9999781847000122,200
16,conv2,3,4,0.9999903440475464,0.9999781847000122,200
16,conv2,4,0,0.9999903440475464,0.9999781847000122,200
16,conv2,4,1,0.9999906420707703,0.9999781847000122,200
16,conv2,4,2,0.9999738931655884,0.9999781847000122,200
16,conv2,4,3,0.9999903440475464,0.9999781847000122,200
16,conv2,4,4,1.0,0.9999781847000122,200
16,fc1,0,0,1.0,0.9675828814506531,200
16,fc1,0,1,0.958886444568634,0.9675828814506531,200
16,fc1,0,2,0.9760944247245789,0.9675828814506531,200
16,fc1,0,3,0.9794333577156067,0.9675828814506531,200
16,fc1,0,4,0.9911671876907349,0.9675828814506531,200
16,fc1,1,0,0.958886444568634,0.9675828814506531,200
16,fc1,1,1,1.0,0.9675828814506531,200
16,fc1,1,2,0.9319921135902405,0.9675828814506531,200
16,fc1,1,3,0.9346242547035217,0.9675828814506531,200
16,fc1,1,4,0.9597493410110474,0.9675828814506531,200
16,fc1,2,0,0.9760944247245789,0.9675828814506531,200
16,fc1,2,1,0.9319921135902405,0.9675828814506531,200
16,fc1,2,2,1.0,0.9675828814506531,200
16,fc1,2,3,0.9933124780654907,0.9675828814506531,200
16,fc1,2,4,0.9762495160102844,0.9675828814506531,200
16,fc1,3,0,0.9794333577156067,0.9675828814506531,200
16,fc1,3,1,0.9346242547035217,0.9675828814506531,200
16,fc1,3,2,0.9933124780654907,0.9675828814506531,200
16,fc1,3,3,1.0,0.9675828814506531,200
16,fc1,3,4,0.974319338798523,0.9675828814506531,200
16,fc1,4,0,0.9911671876907349,0.9675828814506531,200
16,fc1,4,1,0.9597493410110474,0.9675828814506531,200
16,fc1,4,2,0.9762495160102844,0.9675828814506531,200
16,fc1,4,3,0.974319338798523,0.9675828814506531,200
16,fc1,4,4,1.0,0.9675828814506531,200
18,conv1,0,0,1.0,0.9999918937683105,200
18,conv1,0,1,0.9999979138374329,0.9999918937683105,200
18,conv1,0,2,0.9999781847000122,0.9999918937683105,200
18,conv1,0,3,0.999998152256012,0.9999918937683105,200
18,conv1,0,4,0.9999892115592957,0.9999918937683105,200
18,conv1,1,0,0.9999979138374329,0.9999918937683105,200
18,conv1,1,1,1.0,0.9999918937683105,200
18,conv1,1,2,0.9999834299087524,0.9999918937683105,200
18,conv1,1,3,0.9999986886978149,0.9999918937683105,200
18,conv1,1,4,0.9999934434890747,0.9999918937683105,200
18,conv1,2,0,0.9999781847000122,0.9999918937683105,200
18,conv1,2,1,0.9999834299087524,0.9999918937683105,200
18,conv1,2,2,1.0,0.9999918937683105,200
18,conv1,2,3,0.9999886155128479,0.9999918937683105,200
18,conv1,2,4,0.9999967217445374,0.9999918937683105,200
18,conv1,3,0,0.999998152256012,0.9999918937683105,200
18,conv1,3,1,0.9999986886978149,0.9999918937683105,200
18,conv1,3,2,0.9999886155128479,0.9999918937683105,200
18,conv1,3,3,1.0,0.9999918937683105,200
18,conv1,3,4,0.9999953508377075,0.9999918937683105,200
18,conv1,4,0,0.9999892115592957,0.9999918937683105,200
18,conv1,4,1,0.9999934434890747,0.9999918937683105,200
18,conv1,4,2,0.9999967217445374,0.9999918937683105,200
18,conv1,4,3,0.9999953508377075,0.9999918937683105,200
18,conv1,4,4,1.0,0.9999918937683105,200
18,conv2,0,0,1.0,0.9999834895133972,200
18,conv2,0,1,0.9999854564666748,0.9999834895133972,200
18,conv2,0,2,0.9999649524688721,0.9999834895133972,200
18,conv2,0,3,0.9999930262565613,0.9999834895133972,200
18,conv2,0,4,0.999991774559021,0.9999834895133972,200
18,conv2,1,0,0.9999854564666748,0.9999834895133972,200
18,conv2,1,1,1.0,0.9999834895133972,200
18,conv2,1,2,0.9999641180038452,0.9999834895133972,200
18,conv2,1,3,0.9999796152114868,0.9999834895133972,200
18,conv2,1,4,0.9999940991401672,0.9999834895133972,200
18,conv2,2,0,0.9999649524688721,0.9999834895133972,200
18,conv2,2,1,0.9999641180038452,0.9999834895133972,200
18,conv2,2,2,1.0,0.9999834895133972,200
18,conv2,2,3,0.9999873638153076,0.9999834895133972,200
18,conv2,2,4,0.9999818205833435,0.9999834895133972,200
18,conv2,3,0,0.9999930262565613,0.9999834895133972,200
18,conv2,3,1,0.9999796152114868,0.9999834895133972,200
18,conv2,3,2,0.9999873638153076,0.9999834895133972,200
18,conv2,3,3,1.0,0.9999834895133972,200
18,conv2,3,4,0.9999921917915344,0.9999834895133972,200
18,conv2,4,0,0.999991774559021,0.9999834895133972,200
18,conv2,4,1,0.9999940991401672,0.9999834895133972,200
18,conv2,4,2,0.9999818205833435,0.9999834895133972,200
18,conv2,4,3,0.9999921917915344,0.9999834895133972,200
18,conv2,4,4,1.0,0.9999834895133972,200
18,fc1,0,0,1.0,0.9730997085571289,200
18,fc1,0,1,0.9511976838111877,0.9730997085571289,200
18,fc1,0,2,0.9825642704963684,0.9730997085571289,200
18,fc1,0,3,0.9786827564239502,0.9730997085571289,200
18,fc1,0,4,0.9828305840492249,0.9730997085571289,200
18,fc1,1,0,0.9511976838111877,0.9730997085571289,200
18,fc1,1,1,1.0,0.9730997085571289,200
18,fc1,1,2,0.9537883400917053,0.9730997085571289,200
18,fc1,1,3,0.9612950682640076,0.9730997085571289,200
18,fc1,1,4,0.9704105854034424,0.9730997085571289,200
18,fc1,2,0,0.9825642704963684,0.9730997085571289,200
18,fc1,2,1,0.9537883400917053,0.9730997085571289,200
18,fc1,2,2,1.0,0.9730997085571289,200
18,fc1,2,3,0.9890260696411133,0.9730997085571289,200
18,fc1,2,4,0.9810481071472168,0.9730997085571289,200
18,fc1,3,0,0.9786827564239502,0.9730997085571289,200
18,fc1,3,1,0.9612950682640076,0.9730997085571289,200
18,fc1,3,2,0.9890260696411133,0.9730997085571289,200
18,fc1,3,3,1.0,0.9730997085571289,200
18,fc1,3,4,0.9801537394523621,0.9730997085571289,200
18,fc1,4,0,0.9828305840492249,0.9730997085571289,200
18,fc1,4,1,0.9704105854034424,0.9730997085571289,200
18,fc1,4,2,0.9810481071472168,0.9730997085571289,200
18,fc1,4,3,0.9801537394523621,0.9730997085571289,200
18,fc1,4,4,1.0,0.9730997085571289,200
20,conv1,0,0,1.0,0.9999955892562866,200
20,conv1,0,1,0.9999950528144836,0.9999955892562866,200
20,conv1,0,2,0.9999902844429016,0.9999955892562866,200
20,conv1,0,3,1.0,0.9999955892562866,200
20,conv1,0,4,0.9999957084655762,0.9999955892562866,200
20,conv1,1,0,0.9999950528144836,0.9999955892562866,200
20,conv1,1,1,1.0,0.9999955892562866,200
20,conv1,1,2,0.9999926090240479,0.9999955892562866,200
20,conv1,1,3,0.9999961853027344,0.9999955892562866,200
20,conv1,1,4,0.9999971985816956,0.9999955892562866,200
20,conv1,2,0,0.9999902844429016,0.9999955892562866,200
20,conv1,2,1,0.9999926090240479,0.9999955892562866,200
20,conv1,2,2,1.0,0.9999955892562866,200
20,conv1,2,3,0.9999931454658508,0.9999955892562866,200
20,conv1,2,4,0.9999984502792358,0.9999955892562866,200
20,conv1,3,0,1.0,0.9999955892562866,200
20,conv1,3,1,0.9999961853027344,0.9999955892562866,200
20,conv1,3,2,0.9999931454658508,0.9999955892562866,200
20,conv1,3,3,1.0,0.9999955892562866,200
20,conv1,3,4,0.9999973177909851,0.9999955892562866,200
20,conv1,4,0,0.9999957084655762,0.9999955892562866,200
20,conv1,4,1,0.9999971985816956,0.9999955892562866,200
20,conv1,4,2,0.9999984502792358,0.9999955892562866,200
20,conv1,4,3,0.9999973177909851,0.9999955892562866,200
20,conv1,4,4,1.0,0.9999955892562866,200
20,conv2,0,0,1.0,0.9999865293502808,200
20,conv2,0,1,0.999981164932251,0.9999865293502808,200
20,conv2,0,2,0.9999799728393555,0.9999865293502808,200
20,conv2,0,3,0.999996542930603,0.9999865293502808,200
20,conv2,0,4,0.9999951720237732,0.9999865293502808,200
20,conv2,1,0,0.999981164932251,0.9999865293502808,200
20,conv2,1,1,1.0,0.9999865293502808,200
20,conv2,1,2,0.9999749660491943,0.9999865293502808,200
20,conv2,1,3,0.9999771118164062,0.9999865293502808,200
20,conv2,1,4,0.9999917149543762,0.9999865293502808,200
20,conv2,2,0,0.9999799728393555,0.9999865293502808,200
20,conv2,2,1,0.9999749660491943,0.9999865293502808,200
20,conv2,2,2,1.0,0.9999865293502808,200
20,conv2,2,3,0.9999906420707703,0.9999865293502808,200
20,conv2,2,4,0.9999857544898987,0.9999865293502808,200
20,conv2,3,0,0.999996542930603,0.9999865293502808,200
20,conv2,3,1,0.9999771118164062,0.9999865293502808,200
20,conv2,3,2,0.9999906420707703,0.9999865293502808,200
20,conv2,3,3,1.0,0.9999865293502808,200
20,conv2,3,4,0.9999925494194031,0.9999865293502808,200
20,conv2,4,0,0.9999951720237732,0.9999865293502808,200
20,conv2,4,1,0.9999917149543762,0.9999865293502808,200
20,conv2,4,2,0.9999857544898987,0.9999865293502808,200
20,conv2,4,3,0.9999925494194031,0.9999865293502808,200
20,conv2,4,4,1.0,0.9999865293502808,200
20,fc1,0,0,1.0,0.9631869196891785,200
20,fc1,0,1,0.9505427479743958,0.9631869196891785,200
20,fc1,0,2,0.9641401171684265,0.9631869196891785,200
20,fc1,0,3,0.9700431823730469,0.9631869196891785,200
20,fc1,0,4,0.9787477254867554,0.9631869196891785,200
20,fc1,1,0,0.9505427479743958,0.9631869196891785,200
20,fc1,1,1,1.0,0.9631869196891785,200
20,fc1,1,2,0.939752995967865,0.9631869196891785,200
20,fc1,1,3,0.9362117648124695,0.9631869196891785,200
20,fc1,1,4,0.9607704877853394,0.9631869196891785,200
20,fc1,2,0,0.9641401171684265,0.9631869196891785,200
20,fc1,2,1,0.939752995967865,0.9631869196891785,200
20,fc1,2,2,1.0,0.9631869196891785,200
20,fc1,2,3,0.9918798804283142,0.9631869196891785,200
20,fc1,2,4,0.9716483950614929,0.9631869196891785,200
20,fc1,3,0,0.9700431823730469,0.9631869196891785,200
20,fc1,3,1,0.9362117648124695,0.9631869196891785,200
20,fc1,3,2,0.9918798804283142,0.9631869196891785,200
20,fc1,3,3,1.0,0.9631869196891785,200
20,fc1,3,4,0.9681326150894165,0.9631869196891785,200
20,fc1,4,0,0.9787477254867554,0.9631869196891785,200
20,fc1,4,1,0.9607704877853394,0.9631869196891785,200
20,fc1,4,2,0.9716483950614929,0.9631869196891785,200
20,fc1,4,3,0.9681326150894165,0.9631869196891785,200
20,fc1,4,4,1.0,0.9631869196891785,200
