suite,metric,method,dataset,sparsity,cka_strength,mean,std,count,seed_count,seeds
multiseed,test_accuracy,cka_feddst,fashion_mnist,0.5,0.2,0.73758,0.009311659358030615,5,5,"7,13,21,42,100"
multiseed,test_accuracy,cka_feddst,fashion_mnist,0.7,0.2,0.72392,0.022963601633890097,5,5,"7,13,21,42,100"
multiseed,test_accuracy,cka_feddst,fashion_mnist,0.8,0.2,0.71212,0.01727243468651712,5,5,"7,13,21,42,100"
multiseed,test_accuracy,cka_feddst,fashion_mnist,0.9,0.2,0.7085199999999999,0.023965642073601964,5,5,"7,13,21,42,100"
multiseed,test_accuracy,cka_feddst,fashion_mnist,0.95,0.2,0.64074,0.046987051407808095,5,5,"7,13,21,42,100"
multiseed,test_accuracy,fedavg,fashion_mnist,0.0,,0.7795,0.017163915637173274,5,5,"7,13,21,42,100"
multiseed,test_accuracy,feddst,fashion_mnist,0.5,,0.73692,0.01066194166181751,5,5,"7,13,21,42,100"
multiseed,test_accuracy,feddst,fashion_mnist,0.7,,0.72262,0.023023292553412084,5,5,"7,13,21,42,100"
multiseed,test_accuracy,feddst,fashion_mnist,0.8,,0.7125199999999999,0.01773899658943528,5,5,"7,13,21,42,100"
multiseed,test_accuracy,feddst,fashion_mnist,0.9,,0.7038,0.02847911515479366,5,5,"7,13,21,42,100"
multiseed,test_accuracy,feddst,fashion_mnist,0.95,,0.65568,0.026436660152144763,5,5,"7,13,21,42,100"
multiseed,test_accuracy,sparse_fedavg,fashion_mnist,0.5,,0.7398,0.01510016556200627,5,5,"7,13,21,42,100"
multiseed,test_accuracy,sparse_fedavg,fashion_mnist,0.7,,0.7194200000000001,0.02262978126275203,5,5,"7,13,21,42,100"
multiseed,test_accuracy,sparse_fedavg,fashion_mnist,0.8,,0.70078,0.027013089419760918,5,5,"7,13,21,42,100"
multiseed,test_accuracy,sparse_fedavg,fashion_mnist,0.9,,0.60568,0.06503454466666155,5,5,"7,13,21,42,100"
multiseed,test_accuracy,sparse_fedavg,fashion_mnist,0.95,,0.1,0.0,5,5,"7,13,21,42,100"
multiseed,test_loss,cka_feddst,fashion_mnist,0.5,0.2,0.6913191061210633,0.05263374375780036,5,5,"7,13,21,42,100"
multiseed,test_loss,cka_feddst,fashion_mnist,0.7,0.2,0.7189820618915558,0.07382157654632673,5,5,"7,13,21,42,100"
multiseed,test_loss,cka_feddst,fashion_mnist,0.8,0.2,0.7527398320007325,0.06055090684954567,5,5,"7,13,21,42,100"
multiseed,test_loss,cka_feddst,fashion_mnist,0.9,0.2,0.7641388652133941,0.07203811685242624,5,5,"7,13,21,42,100"
multiseed,test_loss,cka_feddst,fashion_mnist,0.95,0.2,0.96711006608963,0.17791975289113074,5,5,"7,13,21,42,100"
multiseed,test_loss,fedavg,fashion_mnist,0.0,,0.57229343998909,0.04487792963705887,5,5,"7,13,21,42,100"
multiseed,test_loss,feddst,fashion_mnist,0.5,,0.6932717782402038,0.05370520117541053,5,5,"7,13,21,42,100"
multiseed,test_loss,feddst,fashion_mnist,0.7,,0.721785742225647,0.07236020294703407,5,5,"7,13,21,42,100"
multiseed,test_loss,feddst,fashion_mnist,0.8,,0.7553606063652039,0.06578257478401628,5,5,"7,13,21,42,100"
multiseed,test_loss,feddst,fashion_mnist,0.9,,0.7737474006080627,0.08452112426645482,5,5,"7,13,21,42,100"
multiseed,test_loss,feddst,fashion_mnist,0.95,,0.9235955480194091,0.10850148964025438,5,5,"7,13,21,42,100"
multiseed,test_loss,sparse_fedavg,fashion_mnist,0.5,,0.6912515364742279,0.05828690335714415,5,5,"7,13,21,42,100"
multiseed,test_loss,sparse_fedavg,fashion_mnist,0.7,,0.7522997813224792,0.07232466145477572,5,5,"7,13,21,42,100"
multiseed,test_loss,sparse_fedavg,fashion_mnist,0.8,,0.7890182774829865,0.068530161516575,5,5,"7,13,21,42,100"
multiseed,test_loss,sparse_fedavg,fashion_mnist,0.9,,1.0247939369392394,0.19633555973969544,5,5,"7,13,21,42,100"
multiseed,test_loss,sparse_fedavg,fashion_mnist,0.95,,2.313319509429932,0.009236855843274407,5,5,"7,13,21,42,100"
multiseed,avg_train_loss,cka_feddst,fashion_mnist,0.5,0.2,0.38018712587828396,0.015249725564456971,5,5,"7,13,21,42,100"
multiseed,avg_train_loss,cka_feddst,fashion_mnist,0.7,0.2,0.39391355146969165,0.021209178468296043,5,5,"7,13,21,42,100"
multiseed,avg_train_loss,cka_feddst,fashion_mnist,0.8,0.2,0.4062689311821325,0.01806064347329605,5,5,"7,13,21,42,100"
multiseed,avg_train_loss,cka_feddst,fashion_mnist,0.9,0.2,0.42556541674785986,0.02243390837764811,5,5,"7,13,21,42,100"
multiseed,avg_train_loss,cka_feddst,fashion_mnist,0.95,0.2,0.5009881893622387,0.08528738769056798,5,5,"7,13,21,42,100"
multiseed,avg_train_loss,fedavg,fashion_mnist,0.0,,0.3053289808701742,0.013597629757792266,5,5,"7,13,21,42,100"
multiseed,avg_train_loss,feddst,fashion_mnist,0.5,,0.38067629784820317,0.01440424827792547,5,5,"7,13,21,42,100"
multiseed,avg_train_loss,feddst,fashion_mnist,0.7,,0.3949096368857189,0.02081591335954881,5,5,"7,13,21,42,100"
multiseed,avg_train_loss,feddst,fashion_mnist,0.8,,0.40814664974652953,0.018164163117403126,5,5,"7,13,21,42,100"
multiseed,avg_train_loss,feddst,fashion_mnist,0.9,,0.42672569840036356,0.022423401012347657,5,5,"7,13,21,42,100"
multiseed,avg_train_loss,feddst,fashion_mnist,0.95,,0.488403039873967,0.06784795141073122,5,5,"7,13,21,42,100"
multiseed,avg_train_loss,sparse_fedavg,fashion_mnist,0.5,,0.37011896313358733,0.01765371339654298,5,5,"7,13,21,42,100"
multiseed,avg_train_loss,sparse_fedavg,fashion_mnist,0.7,,0.3994758039062786,0.020706142197699572,5,5,"7,13,21,42,100"
multiseed,avg_train_loss,sparse_fedavg,fashion_mnist,0.8,,0.41904750434251936,0.02556407926070923,5,5,"7,13,21,42,100"
multiseed,avg_train_loss,sparse_fedavg,fashion_mnist,0.9,,0.5334046104182816,0.07014513276982318,5,5,"7,13,21,42,100"
multiseed,avg_train_loss,sparse_fedavg,fashion_mnist,0.95,,2.184573966204921,0.021100974723140705,5,5,"7,13,21,42,100"
multiseed,total_sparsity,cka_feddst,fashion_mnist,0.5,0.2,0.500018983977523,8.078652769075483e-05,5,5,"7,13,21,42,100"
multiseed,total_sparsity,cka_feddst,fashion_mnist,0.7,0.2,0.7000033221960665,3.8373646510724825e-05,5,5,"7,13,21,42,100"
multiseed,total_sparsity,cka_feddst,fashion_mnist,0.8,0.2,0.8000014237983143,2.968618536714245e-05,5,5,"7,13,21,42,100"
multiseed,total_sparsity,cka_feddst,fashion_mnist,0.9,0.2,0.8999995254005618,3.02498974484861e-05,5,5,"7,13,21,42,100"
multiseed,total_sparsity,cka_feddst,fashion_mnist,0.95,0.2,0.9499966778039335,1.4570280045038738e-05,5,5,"7,13,21,42,100"
multiseed,total_sparsity,feddst,fashion_mnist,0.5,,0.5,0.0,5,5,"7,13,21,42,100"
multiseed,total_sparsity,feddst,fashion_mnist,0.7,,0.7000009491988761,0.0,5,5,"7,13,21,42,100"
multiseed,total_sparsity,feddst,fashion_mnist,0.8,,0.7999990508011239,0.0,5,5,"7,13,21,42,100"
multiseed,total_sparsity,feddst,fashion_mnist,0.9,,0.8999995254005618,0.0,5,5,"7,13,21,42,100"
multiseed,total_sparsity,feddst,fashion_mnist,0.95,,0.9500009491988759,0.0,5,5,"7,13,21,42,100"
multiseed,total_sparsity,sparse_fedavg,fashion_mnist,0.5,,0.5,0.0,5,5,"7,13,21,42,100"
multiseed,total_sparsity,sparse_fedavg,fashion_mnist,0.7,,0.7000009491988761,0.0,5,5,"7,13,21,42,100"
multiseed,total_sparsity,sparse_fedavg,fashion_mnist,0.8,,0.7999990508011239,0.0,5,5,"7,13,21,42,100"
multiseed,total_sparsity,sparse_fedavg,fashion_mnist,0.9,,0.8999995254005618,0.0,5,5,"7,13,21,42,100"
multiseed,total_sparsity,sparse_fedavg,fashion_mnist,0.95,,0.9500009491988759,0.0,5,5,"7,13,21,42,100"
multiseed,active_params,cka_feddst,fashion_mnist,0.5,0.2,210696.0,34.04408906109926,5,5,"7,13,21,42,100"
multiseed,active_params,cka_feddst,fashion_mnist,0.7,0.2,126421.0,16.170961628796228,5,5,"7,13,21,42,100"
multiseed,active_params,cka_feddst,fashion_mnist,0.8,0.2,84281.0,12.509996003196804,5,5,"7,13,21,42,100"
multiseed,active_params,cka_feddst,fashion_mnist,0.9,0.2,42141.0,12.74754878398223,5,5,"7,13,21,42,100"
multiseed,active_params,cka_feddst,fashion_mnist,0.95,0.2,21071.8,6.140032573203597,5,5,"7,13,21,42,100"
multiseed,active_params,feddst,fashion_mnist,0.5,,210704.0,0.0,5,5,"7,13,21,42,100"
multiseed,active_params,feddst,fashion_mnist,0.7,,126422.0,0.0,5,5,"7,13,21,42,100"
multiseed,active_params,feddst,fashion_mnist,0.8,,84282.0,0.0,5,5,"7,13,21,42,100"
multiseed,active_params,feddst,fashion_mnist,0.9,,42141.0,0.0,5,5,"7,13,21,42,100"
multiseed,active_params,feddst,fashion_mnist,0.95,,21070.0,0.0,5,5,"7,13,21,42,100"
multiseed,active_params,sparse_fedavg,fashion_mnist,0.5,,210704.0,0.0,5,5,"7,13,21,42,100"
multiseed,active_params,sparse_fedavg,fashion_mnist,0.7,,126422.0,0.0,5,5,"7,13,21,42,100"
multiseed,active_params,sparse_fedavg,fashion_mnist,0.8,,84282.0,0.0,5,5,"7,13,21,42,100"
multiseed,active_params,sparse_fedavg,fashion_mnist,0.9,,42141.0,0.0,5,5,"7,13,21,42,100"
multiseed,active_params,sparse_fedavg,fashion_mnist,0.95,,21070.0,0.0,5,5,"7,13,21,42,100"
multiseed,total_params,cka_feddst,fashion_mnist,0.5,0.2,421408.0,0.0,5,5,"7,13,21,42,100"
multiseed,total_params,cka_feddst,fashion_mnist,0.7,0.2,421408.0,0.0,5,5,"7,13,21,42,100"
multiseed,total_params,cka_feddst,fashion_mnist,0.8,0.2,421408.0,0.0,5,5,"7,13,21,42,100"
multiseed,total_params,cka_feddst,fashion_mnist,0.9,0.2,421408.0,0.0,5,5,"7,13,21,42,100"
multiseed,total_params,cka_feddst,fashion_mnist,0.95,0.2,421408.0,0.0,5,5,"7,13,21,42,100"
multiseed,total_params,feddst,fashion_mnist,0.5,,421408.0,0.0,5,5,"7,13,21,42,100"
multiseed,total_params,feddst,fashion_mnist,0.7,,421408.0,0.0,5,5,"7,13,21,42,100"
multiseed,total_params,feddst,fashion_mnist,0.8,,421408.0,0.0,5,5,"7,13,21,42,100"
multiseed,total_params,feddst,fashion_mnist,0.9,,421408.0,0.0,5,5,"7,13,21,42,100"
multiseed,total_params,feddst,fashion_mnist,0.95,,421408.0,0.0,5,5,"7,13,21,42,100"
multiseed,total_params,sparse_fedavg,fashion_mnist,0.5,,421408.0,0.0,5,5,"7,13,21,42,100"
multiseed,total_params,sparse_fedavg,fashion_mnist,0.7,,421408.0,0.0,5,5,"7,13,21,42,100"
multiseed,total_params,sparse_fedavg,fashion_mnist,0.8,,421408.0,0.0,5,5,"7,13,21,42,100"
multiseed,total_params,sparse_fedavg,fashion_mnist,0.9,,421408.0,0.0,5,5,"7,13,21,42,100"
multiseed,total_params,sparse_fedavg,fashion_mnist,0.95,,421408.0,0.0,5,5,"7,13,21,42,100"
multiseed,pruned_weights,cka_feddst,fashion_mnist,0.5,0.2,42139.2,6.6858058601785615,5,5,"7,13,21,42,100"
multiseed,pruned_weights,cka_feddst,fashion_mnist,0.7,0.2,25283.8,3.5637059362408117,5,5,"7,13,21,42,100"
multiseed,pruned_weights,cka_feddst,fashion_mnist,0.8,0.2,16856.4,2.7018512172212086,5,5,"7,13,21,42,100"
multiseed,pruned_weights,cka_feddst,fashion_mnist,0.9,0.2,8429.0,2.5495097567963256,5,5,"7,13,21,42,100"
multiseed,pruned_weights,cka_feddst,fashion_mnist,0.95,0.2,4213.8,1.3038404810405908,5,5,"7,13,21,42,100"
multiseed,pruned_weights,feddst,fashion_mnist,0.5,,42140.4,0.5477225575053322,5,5,"7,13,21,42,100"
multiseed,pruned_weights,feddst,fashion_mnist,0.7,,25284.2,0.8366600265342387,5,5,"7,13,21,42,100"
multiseed,pruned_weights,feddst,fashion_mnist,0.8,,16855.8,0.8366600265339669,5,5,"7,13,21,42,100"
multiseed,pruned_weights,feddst,fashion_mnist,0.9,,8428.8,0.4472135955001359,5,5,"7,13,21,42,100"
multiseed,pruned_weights,feddst,fashion_mnist,0.95,,4213.8,0.4472135954999452,5,5,"7,13,21,42,100"
multiseed,regrown_weights,cka_feddst,fashion_mnist,0.5,0.2,42139.2,6.6858058601785615,5,5,"7,13,21,42,100"
multiseed,regrown_weights,cka_feddst,fashion_mnist,0.7,0.2,25283.8,3.5637059362408117,5,5,"7,13,21,42,100"
multiseed,regrown_weights,cka_feddst,fashion_mnist,0.8,0.2,16856.4,2.7018512172212086,5,5,"7,13,21,42,100"
multiseed,regrown_weights,cka_feddst,fashion_mnist,0.9,0.2,8429.0,2.5495097567963256,5,5,"7,13,21,42,100"
multiseed,regrown_weights,cka_feddst,fashion_mnist,0.95,0.2,4213.8,1.3038404810405908,5,5,"7,13,21,42,100"
multiseed,regrown_weights,feddst,fashion_mnist,0.5,,42140.4,0.5477225575053322,5,5,"7,13,21,42,100"
multiseed,regrown_weights,feddst,fashion_mnist,0.7,,25284.2,0.8366600265342387,5,5,"7,13,21,42,100"
multiseed,regrown_weights,feddst,fashion_mnist,0.8,,16855.8,0.8366600265339669,5,5,"7,13,21,42,100"
multiseed,regrown_weights,feddst,fashion_mnist,0.9,,8428.8,0.4472135955001359,5,5,"7,13,21,42,100"
multiseed,regrown_weights,feddst,fashion_mnist,0.95,,4213.8,0.4472135954999452,5,5,"7,13,21,42,100"
multiseed,mask_changes,cka_feddst,fashion_mnist,0.5,0.2,84278.4,13.371611720357123,5,5,"7,13,21,42,100"
multiseed,mask_changes,cka_feddst,fashion_mnist,0.7,0.2,50567.6,7.127411872481623,5,5,"7,13,21,42,100"
multiseed,mask_changes,cka_feddst,fashion_mnist,0.8,0.2,33712.8,5.403702434442417,5,5,"7,13,21,42,100"
multiseed,mask_changes,cka_feddst,fashion_mnist,0.9,0.2,16858.0,5.099019513592651,5,5,"7,13,21,42,100"
multiseed,mask_changes,cka_feddst,fashion_mnist,0.95,0.2,8427.6,2.6076809620811816,5,5,"7,13,21,42,100"
multiseed,mask_changes,feddst,fashion_mnist,0.5,,84280.8,1.0954451150106643,5,5,"7,13,21,42,100"
multiseed,mask_changes,feddst,fashion_mnist,0.7,,50568.4,1.6733200530684773,5,5,"7,13,21,42,100"
multiseed,mask_changes,feddst,fashion_mnist,0.8,,33711.6,1.6733200530679337,5,5,"7,13,21,42,100"
multiseed,mask_changes,feddst,fashion_mnist,0.9,,16857.6,0.8944271910002718,5,5,"7,13,21,42,100"
multiseed,mask_changes,feddst,fashion_mnist,0.95,,8427.6,0.8944271909998904,5,5,"7,13,21,42,100"
